ssn_org,ssn_org_cln
004982483,004982483
005-992262,005992262
002152.R885,INVALID
00822016-3,008220163
00389t4184.ol,INVALID
00.3333878,INVALID
007.811,INVALID
00.8481358,008481358
005758276,005758276
002753223,002753223
004477386,004477386
v0095Pr3395-9,INVALID
0020389-3,00203893
002.121314,INVALID
006-45-8332,006458332
00223050-7,002230507
001307757,001307757
0f0.1374722,INVALID
003-43-6286,003436286
005039.500,005039500
00.7182,INVALID
01159.8,INVALID
0071-9i0843,007190843
008589957,008589957
006095940,006095940
009-14-0394,009140394
008-97-7839,008977839
0m07760BQ7.76,INVALID
00702588.2,007025882
002-53-5325,002535325
0088966.8,00889668
04553.2,INVALID
00236375.4,INVALID
03788-82,INVALID
0044-49555,INVALID
005296567,005296567
005-65-9438,005659438
002-76-5575,002765575
005411723,005411723
0098.067,INVALID
0.01070412,INVALID
003760414,003760414
0068.30763,006830763
004.600379,004600379
005681.929,005681929
003862398,003862398
0.02641578,INVALID
0.055488,INVALID
005387439,005387439
00574.27,INVALID
006164507,006164507
002-47-2763,002472763
004398640,004398640
00518.8591,005188591
005721750,005721750
004845953,004845953
00528.4390,005284390
008-24-4083,008244083
009-17-4005,009174005
O00.44UG85116,INVALID
006-58-8164,006588164
006289128,006289128
00870788-3,008707883
0020749m1.P6,INVALID
0-07234535,007234535
003-37-8870,003378870
00069-447,00069447
z-006366k389,INVALID
008384529,008384529
008-26-5933,008265933
00996-194C1,INVALID
002709.445,002709445
004-69-5814,004695814
00778-4777,007784777
006-89-0560,006890560
004-4066j1S1F,00440669151
0.11973,INVALID
003563983,003563983
0-07073006QB,07073006Q
001796925,001796925
00254173-1,002541731
007-20-7048,007207048
002-79-8365,002798365
003842764,003842764
0043608.31,004360831
0037r.85W8H65,INVALID
003832097,003832097
04536-593,04536593
0145.58,INVALID
001.6842,INVALID
006-17-2588,006172588
005319582,005319582
00324893-3,003248933
00i119152-6p,INVALID
009437758,009437758
00.7189,INVALID
008941270,008941270
0-01994Z142K,INVALID
008658765,008658765
007328-951,007328951
0064534-00,006453400
00-2383107,002383107
001-811152,001811152
005218115,005218115
002-43-6644,002436644
07418-41,INVALID
008497.858,008497858
00757335-3,007573353
00-8770240,008770240
00263m478.M9,INVALID
006865413,006865413
0H.0508Hj4817,0805084817
009832560,009832560
005-54-6303,005546303
041526-94,04152694
002724807,002724807
008-51-1047,008511047
00-8314,INVALID
0-03330344,03330344
0031.63,INVALID
c004227.80vs1,INVALID
00750361-9,007503619
003-83-1644,003831644
0096733.8,00967330
002300555,002300555
009463229,009463229
0037464-15,003746415
00-1590195,001590195
0.018254tL15,INVALID
007-23-9177,007239177
0f036-jo76445,INVALID
kk00.33850I61,INVALID
00.1975Ga0d78,INVALID
003-92-1086,003921086
00378213.9,003782139
002.152933,002152933
001-13-5598,001135598
00510-2481,005102481
003396959,003396959
02795.90,INVALID
00.6826186,006826186
003-97-8981,003978981
008-42-1332,008421332
007166-564,007166564
005-15-0881,005150881
001-80-2172,001802172
0033.30,INVALID
0-04033633,04033633
005827826,005827826
007269-203,007269203
07.52636,INVALID
0.07324Ns375,INVALID
009-615838,009615838
0.640588,INVALID
001893606,001893606
0Q02219723.k,0Q02219723
005-66-1897,005661897
007034009,007034009
00409047-6,004090476
001-390230,001390230
0017266-76,001726676
002-083M513f,0020835131
007-68-4726,007684726
004506195,004506195
00980-63,0098063
005c3168.63,005316863
0d072867B9.J2,INVALID
00529-0790,005290790
0055-594,0055594
005563722,005563722
0052.32137,005232137
e0.0K4489087Z,INVALID
0072993-41,007299341
0076028.26,007602826
002-93-8217,002938217
0h0501542y.8,INVALID
yp006.742545,INVALID
002-74-6521,002746521
002-60-2748,002602748
76-3591,INVALID
E0.x01079702,INVALID
004459531,004459531
003236.056ac,INVALID
0.07789403,INVALID
0.0496006,INVALID
003-35-0579,003350579
0252-91,INVALID
00498-2483,004982483
0085166-44,008516644
00368648.6,INVALID
00385463.9,003854639
0061-64,INVALID
006-06-4420,006064420
00728-1865,007281865
003147628,003147628
004508-790,004508790
00d3r0-63954,INVALID
009-81-4641,009814641
0040997-24,004099724
00572352.7,INVALID
0054-59008,005459008
00842525.5,INVALID
008239756,008239756
004343061,004343061
006-14-5184,006145184
0.08592830,INVALID
0.04370375,INVALID
005-49-0194,005490194
009-Z4193l79,INVALID
008758918,008758918
00753851-3,007538513
003549452,003549452
003465838,003465838
00339.7372,003397372
00-6510939,006510939
001-10-1576,001101576
005957.463,005957463
0.08921824,INVALID
0.04056341,INVALID
007925975,007925975
002983.493,002983493
006042.988,006042988
006064420,006064420
004030752,004030752
006.266730,006266730
006584-147,006584147
00214858.7,INVALID
00755-155,00755155
005050.014,005050014
001726676,001726676
00591-0463,005910463
006-02-0660,006020660
005-04-8102,005048102
008738803,008738803
0072.498,INVALID
0076N1-791M1X,INVALID
004-06-4735,004064735
003363288,003363288
005-23-1330,005231330
003292852,003292852
0098-00940,009800940
009-40-3742,009403742
00qP32.75953G,INVALID
009021684,009021684
004.604753,004604753
008013405,008013405
001-64-4593,001644593
007.485604,007485604
002-192670F,INVALID
N0-0J9726541I,INVALID
001-j3N87210,INVALID
007-677322,007677322
005-264,INVALID
0-08549214,008549214
0-140907,0140907
004075656,004075656
00510-1,INVALID
00.1761286,001761286
002.0984,INVALID
0-p09s2g24285,INVALID
008-82-9105,008829105
0068274-29,006827429
002-63-1588,002631588
002-65-3028,002653028
00.7240317,007240317
007-62-4909,007624909
00525-1642,005251642
005434533,005434533
004-21-9828,004219828
00J77373O-96,INVALID
0026816-71,002681671
004-70-7655,004707655
00377809-9Z,INVALID
004313663,004313663
0087661.26,008766126
009921943,009921943
007058233,007058233
0-043p89341,004389341
007-85-9432,007859432
00.6742545,INVALID
006413-037,006413037
04.79545,INVALID
008647218,008647218
007477495,007477495
00.4349467,004349467
01928.45,INVALID
003226-3,0032263
008178814,008178814
005-53-0917,005530917
0271-70,INVALID
008406954,008406954
00376.5361,003765361
009-16-8224,009168224
008-20-0640,008200640
0072361.21,007236121
00-116341,00116341
001.688305,001688305
007.068798,007068798
009212610,009212610
006-48-0406,006480406
00657503-6,006575036
0022.30507ud,INVALID
0062.65906,006265906
006-15-4302,006154302
008052936,008052936
008841195,008841195
00383.3270,003833270
008378775,008378775
002-70-1012,002701012
004723-95,00472395
004922-5,INVALID
00855-6638,008556638
004-07-5737,004075737
0t07535316.X,027535316
006258.907,006258907
006-890560,006890560
003161297,003161297
00495684.4,INVALID
005.185,INVALID
007244498,007244498
007721563,007721563
003-341559,003341559
0-0219024,00219024
005-46-0976,005460976
005-29-2855,005292855
002-79-0836,002790836
0-03317758,03317758
00958.3949,009583949
00-3746,INVALID
003795965,003795965
009157503,009157503
006999424,006999424
068-146,INVALID
0095.3959,00953959
002910770,002910770
00466.89,INVALID
0-09772611,009772611
004-22-8403,004228403
007752704,007752704
00.1109B8L19,INVALID
001-58-4458,001584458
04865.9,INVALID
014.340,INVALID
005872474,005872474
005-45-1384,005451384
003.257232,003257232
00-1218002,001218002
0070-03514,007003514
0x.0781tk2207,INVALID
002-29-5432,002295432
0-U08979U244,INVALID
009.250242,009250242
008610313,008610313
006-93-5479,006935479
0088.2072Z9,INVALID
1338.87,INVALID
001977740,001977740
004542456,004542456
004812344,004812344
3-62480,INVALID
00287-9086,002879086
O00-26c78134,0002678134
004343k0-61,004343061
002-16-1186,002161186
003305658,003305658
h005.0T44429,INVALID
0.93392,INVALID
0-02217561,002217561
00966395-6,009663956
006-39-8687,006398687
001258A7.L1R6,INVALID
00x44-3Ce0199,INVALID
1.953511,INVALID
005927024,005927024
00824-707,00824707
00499.7474,INVALID
008152232,008152232
004877811,004877811
009-95-1759,009951759
0079185.01,INVALID
00456-4653,004564653
00.56535,INVALID
0082440-83,008244083
006791.880,006791880
003025748,003025748
0082624-72,008262472
008117515,008117515
0b033-89702,0B03389702
004-70-7408,004707408
0097908.35,009790835
0o0982.108u4,INVALID
009-64-7713,009647713
005-38-3571,005383571
007150j70-7,INVALID
006-41-1610,006411610
0061.3y4hl615,INVALID
0.0z5142242X,INVALID
006492634,006492634
00456349.5,INVALID
0037499.54,INVALID
001.260250,001260250
00.9794Q52E8,00979452E8
0047.55,INVALID
09958-4,INVALID
001.170812,001170812
008992284,008992284
003584.921,003584921
004468203,004468203
00-1740991,001740991
009928.2Q77,0099282Q77
0.07769920,INVALID
006428523,006428523
00604741.3,INVALID
00299306-9,002993069
00224417-5,002244175
006165097,006165097
006-08-0052,006080052
0071Z-m91x751,INVALID
009655903,009655903
005779612,005779612
009262079,009262079
00.9864133,009864133
0Z0-223589p4,INVALID
00653-0,INVALID
009707774,009707774
0.06652674,INVALID
0.26711,INVALID
002-75-9458,002759458
002665016,002665016
0-1337169,01337169
004-02-8465,004028465
008152-3,INVALID
00333-5,INVALID
00106-9447,001069447
00.5571766,005571766
005509222,005509222
0.0550240m8,INVALID
00887-1778,008871778
00780-0724,007800724
008038893,008038893
007-15-6818,007156818
006456768,006456768
00220B896-7,002208967
b0-0653226T2,INVALID
00.785323,00785323
004646427,004646427
0.01694273,INVALID
003-91-0793,003910793
0033527.89,003352789
007.261504,007261504
009729221,009729221
009336520,009336520
00537.3,INVALID
0x0615-57WH09,INVALID
00.834Z17t40,INVALID
00-6714678,006714678
001840764,001840764
007-61-9744,007619744
00-4769046,004769046
009-13-4245,009134245
0-03616925,003616925
00919g394.4XH,INVALID
005457962,005457962
0.07196094,INVALID
078.1841,INVALID
0.0300uX14A03,INVALID
00A959065jr.9,INVALID
003.563502,003563502
007498683,007498683
00.732703,00732703
008964209,008964209
005-46-9272,005469272
00240-6455,002406455
00-6760867,006760867
005723073,005723073
00-261l4no838,INVALID
009354039,009354039
004-98-5643,004985643
005853.359,005853359
0-03588,INVALID
006.329,INVALID
00.98a21084,INVALID
00829.2280,008292280
007434058,007434058
001-23-5857,001235857
009104075,009104075
007-98-8369,007988369
00549-439U8,005494398
006-17-6252,006176252
00-k9522895,INVALID
0099jo163W-97,INVALID
00247-2763,002472763
001384.713,001384713
0069-0766T1s,INVALID
0-0446382,00446382
TC0041711-91,004171191
0.05630,INVALID
008-73-3127,008733127
006678498,006678498
0094004-46,009400446
00.5007106,INVALID
00607.9144,006079144
007140910,007140910
005-78-2015,005782015
004128726,004128726
00.2078104,002078104
00315.008,INVALID
002-50-9791,002509791
001-35-3730,001353730
001614373,001614373
0026-06044,002606044
0-89745,INVALID
0071034-79,007103479
0050906-79,005090679
002-86-4686,002864686
005-53-0977,005530977
001688305,001688305
005908975,005908975
0.079299,INVALID
00247.67,INVALID
X0M-A08578725,INVALID
00405308-1,004053081
007536088,007536088
007-80-5223,007805223
00741-5489,007415489
0698.50,INVALID
004726313,004726313
006-70-4451,006704451
009626312,009626312
005-17-8255,005178255
005969893,005969893
003-79-5965,003795965
007-65-1068,007651068
004.266,INVALID
001-81-2094,001812094
001686.18,INVALID
001995575,001995575
003-44-8596,003448596
004228403,004228403
00340.6398,003406398
05.64755,INVALID
009-16-8552,009168552
005.826548,INVALID
009256554,009256554
009725077,009725077
0.06173803,INVALID
0078G19-333,0078G19333
007-98-2152,007982152
003-68-1965,003681965
002-08-5195,002085195
007695257,007695257
0.04306444,INVALID
007006756,007006756
008.299281,008299281
009-85-3743,009853743
0c0t14-09341,INVALID
00662-5,INVALID
00V1A2346w4-9,INVALID
008814425,008814425
0-05923,INVALID
001757460,001757460
007600626,007600626
00-43969,0043969
007643217,007643217
004-31-4075,004314075
008-41-2978,008412978
00520796.7,005207967
005599009,005599009
005020.917,INVALID
00137-6,INVALID
0058-64612,005864612
008-73-0932,008730932
008-63-1771,008631771
001-10-9628,001109628
003-25-1223,003251223
006064j4-2TL0,INVALID
00.4029h878,004029878
00615643.0K,00615643
00-448144,00448144
0-09964203,009964203
006-15-7633,006157633
002-91-8146,002918146
0-08473545,008473545
001828492,001828492
003-24-1792,003241792
0069664.62,INVALID
001-48-0713,001480713
0042-14547,004214547
00999519-9,INVALID
007108402,007108402
0084.w08708C,INVALID
006718942,006718942
09363-3,INVALID
0.04594,INVALID
002.217360,002217360
0286-30,INVALID
0091713-77,009171377
0086.23889,008623889
00t2.285870th,INVALID
007.88934,00788934
007-76-2713,007762713
0-05A938504,INVALID
00-2500824,002500824
004871098,004871098
D008I38o756.5,INVALID
006169888,006169888
005687766,005687766
006-46-9737,006469737
00.1262551,001262551
0046614.9k6,00466149K6
006733053,006733053
06-870036,06870036
003163-740,003163740
00-1589,INVALID
007.438270,007438270
002205896,002205896
0043430-61,004343061
009-85-3100,009853100
002732801,002732801
03.3217,INVALID
001-88-1428,001881428
003333-878,003333878
0421-390,0421390
008-01-7720,008017720
002523185,002523185
0168-8305,01688305
001192106,001192106
00441-9815,004419815
0704.162,INVALID
05-25726,INVALID
0z0.9u15H0935,INVALID
003-43-7945,003437945
003639827,003639827
00.9226697,009226697
001-42-4811,001424811
00.4772357,004772357
003-77-8980,003778980
0062.38740,006238740
00651.2572,006512572
0083.93091,008393091
u0.05z912480,INVALID
001-72-6676,001726676
00275Y429-9,INVALID
008494.225,008494225
06174.600,INVALID
0094Fe-6N8664,INVALID
002-20-0965,002200965
002-93-0688,002930688
056-5388,0565388
0038132-71,003813271
001-55-7141,001557141
002598936,002598936
006332816,006332816
002104348,002104348
007690666,007690666
002729127,002729127
0031726A-22C,INVALID
0056-03W894,005603894
006-65-1494,006651494
007689618,007689618
00249.5654,002495654
003946472,003946472
00959.5082,009595082
0R04.663865,INVALID
024070.2,INVALID
007-24-4613,007244613
0-0604585,00604585
009-87-2227,009872227
007-10-3479,007103479
0040.20949,004020949
003732595,003732595
005-72-6007,005726007
w0.M0172y6676,INVALID
008083117,008083117
001-25-8716,001258716
0051.46525,005146525
00569887-3,005698873
0.02768637,INVALID
007092782,007092782
0.0246109L2,INVALID
002-62-7906,002627906
0019.73586,INVALID
001845405,001845405
00831-7738,008317738
f00876-Z06M12,INVALID
007362.485,007362485
005-20-1837,005201837
003452-695rd,INVALID
005629382,005629382
003-53-7822,003537822
00334-3211,003343211
008360823,008360823
008-28-1513,008281513
001299.977,001299977
001-56-0574,001560574
00612.5,INVALID
0969-14,INVALID
005-39-0869,005390869
006470500,006470500
0062467.77,INVALID
00652.7491,006527491
002604630,002604630
03.6707,INVALID
004-228403,004228403
008-80-8509,008808509
040256.4,INVALID
00K4K08.7214,INVALID
0.07408533,INVALID
006865-413,006865413
00461.24,INVALID
00776-759,00776759
001015664,001015664
00361-3735,003613735
007-87792,00787792
001-194314,001194314
00-7576,INVALID
00478.3W796,004783796
005780215,005780215
007968992,007968992
004060871,004060871
0.08770240,INVALID
003-81-1446,003811446
002-04-6035,002046035
002-082459,002082459
003959874,003959874
005-33-5411,005335411
005977986,005977986
00872-6,INVALID
006721377,006721377
00.2871759hRy,INVALID
006-53-8391,006538391
004347-b028,004347028
006-24-3965,006243965
00K36d5-U8504,INVALID
00183.9401,001839401
0cV0569931.6,INVALID
00-47131,0047131
0-09794482,009794482
0-0913518,00913518
004799616,004799616
006807905,006807905
004a5BH3-1974,INVALID
009-80-3311,009803311
0061-79739,006179739
004055174,004055174
0.02888,INVALID
g002997N3.92u,INVALID
007-39-2433,007392433
0064-4481,00644481
002994950,002994950
022509.09,INVALID
006087880,006087880
004RV740z68.3,INVALID
003950-355,003950355
00.8167,INVALID
005246005,005246005
0041-9834,00419834
001446-845,001446845
003-68-2180,003682180
004776516,004776516
009705-80,00970580
00376210-2,003762102
088-9028,0889028
00602574-0,006025740
00315B1g13-6,INVALID
0-05390869,05390869
006-69-5723,006695723
0-026925,00269256
089-709,INVALID
008-00-9787,008009787
00.5895196,005895196
00782622-5,007826225
0037744.12,003774412
08175-6,INVALID
0073958f9.9,007395899
008659347,008659347
004079800,004079800
002474-767,002474767
0011840.04,INVALID
001041544,001041544
0054q357-41,005435741
00-5674315,005674315
003-123482,003123482
0.04271980,INVALID
006369807,006369807
008630282,008630282
006587343,006587343
002403.7,INVALID
007333388,007333388
002-98-0349,002980349
0015890b4.8t,INVALID
00-2144818,002144818
00308673.0,INVALID
007-545389,007545389
00-5559150,005559150
001291452,001291452
001-163758,001163758
007632481,007632481
0.09409634,INVALID
00-6241595,006241595
00439W5I1.94,INVALID
005845261,005845261
005-484086,005484086
002216827,002216827
003-66-9234,003669234
005407-714,005407714
002-37-3799,002373799
002-62-0725,002620725
005-86-0010,005860010
00.5671795,INVALID
008879283,008879283
00-1604740,001604740
0.05568074,INVALID
0.072341,INVALID
00u672-y2241,INVALID
008256.656,008256656
00-m2J5W09072,00m2j5w09072
00.2557912,002557912
0674.2545,INVALID
004773209,004773209
0.160908,INVALID
004129659,004129659
F0058.4th3579,INVALID
005-25-1700,005251700
006430853,006430853
006512572,006512572
00455-5676,004555676
003-97-8037,003978037
008278Nm2.52,008278252
0053-027,INVALID
00.705822,00705822
00.7y8N23253,INVALID
0090787.16,009078716
0498169.4,04981694
001-08-1266,001081266
00-60T90495,INVALID
003-94-9141,003949141
002-30-0647,002300647
002-69-2656,002692656
00340015-1,003400151
001-578213,001578213
001-09-5895,001095895
008770240,008770240
00811295-0,00811295
008-156282,008156282
0.0745D2t81z4,INVALID
006-84-4641,006844641
003-29-0314,003290314
0085.1011,00851011
0023835.7,INVALID
0E.06025b124W,INVALID
004234.502,004234502
002454246,002454246
00196172-8,001961728
005883572,005883572
U002078-391,002078391
0.37361,INVALID
0045037.63,INVALID
009-25-1452,009251452
F0010638.87,001063887
006-04-1114,006041114
006-04-2988,006042988
009956483,009956483
00.8229749,008229749
002137736,002137736
00329-5469,003295469
003876982,003876982
00593.8594,005938594
005161756,005161756
kt-00849z9138,INVALID
0164.09,INVALID
005-84-5261,005845261
004593lB.477,0045931477
00q18I149-42,INVALID
0096U-2237J8W,INVALID
004805.167,004805167
00s452.0Q8c27,INVALID
0016490.91,001649091
005-557781,005557781
00837.8144,008378144
c-00d8330726,00d8330726
007864526,007864526
006-61-4340,006614340
00.5549810,005549810
00.3881429,003881429
0079635.93,007963593
001517425,001517425
006-24-7050,006247050
009-91-2294,009912294
009225510,009225510
0032382-38,003238238
001575354,001575354
00.3514376,INVALID
005-67-9502,005679502
00.3795965,003795965
005iE8T600.10,INVALID
003396-389,003396389
00770-S4021,007704021
009-57-4929,009574929
009844D.628,009844D628
09189-59,0918959
0F076-x32481,INVALID
003-130101,003130101
001933710,001933710
00-3770,INVALID
00121.6255,INVALID
001-62-4129,001624129
00582928-8,005829288
I00Wu645092.0,INVALID
0054.59823,INVALID
1-075585,1075585
0018744.36,INVALID
006631613,006631613
0096898-55,009689855
009396.232,009396232
007261.812,007261812
00.9748318,009748318
007-004056,007004056
005-03-3370,005033370
P0013.38387F,INVALID
0057.79612,005779612
004-78-8781,004788781
009723633,009723633
004572581,004572581
008945207,008945207
009707874,009707874
0038367-2,00383672
005-30-8212,005308212
001339068,001339068
002547624,002547624
0096.68770,009668770
00e55094-45,INVALID
005833707,005833707
00.5772925,005772925
00464.3h1H74,INVALID
0086o5.4i011,INVALID
007.916163,007916163
009562-13,00956213
004-301y865,004301865
003z7-3p1633v,INVALID
005152948,005152948
002-88-7951,002887951
0b0528Z-8343,INVALID
001393981,001393981
001616420,001616420
0095228m-9C5,INVALID
0010864-55,001086455
004485912,004485912
00.5370111,005370111
00100578-4,01005784
001-08-0559,001080559
007449813,007449813
001123485,001123485
0T09G2Z.90769,INVALID
0-09046938,009046938
007-48-7683,007487683
008676.855,008676855
0010037.6,INVALID
004663382,004663382
006.9z86890,006968890
009632931,009632931
0068-68075,006868075
0037.02786,003702786
005-18-4701,005184701
0073076-90,007307690
046538-8,0465388
00894-5436,008945436
002512.083,002512083
04013-07,INVALID
0060476-97,006047697
006-18-1261,006181261
00A62439Bo3.8,INVALID
004-16-5197,004165197
009533954,009533954
04600-970,04600970
005454552,005454552
005-42-6383,005426383
0.0NP6950881,NP6950881
00944-2408,009442408
009-71-4217,009714217
0.03490923,INVALID
00T94U11.656,INVALID
00-7344837,007344837
006984108,006984108
002-98-0706,002980706
00.876304Px5,INVALID
04196.1,INVALID
00.4033633,004033633
007283-31j5,007283315
001-69-7892,001697892
0-09987843,09987843
003e0.52898,INVALID
0055.6621,00556621
006-33-8954,006338954
007-44-1466,007441466
008-55023,00855023
002-85-7782,002857782
0z015ob68.244,INVALID
00.3402,INVALID
0072.44613,007244613
003982346,003982346
00902-82,INVALID
00606947-6,006069476
0083.39003,008339003
006398868,006398868
001269695,001269695
001187147,001187147
00295.5019,002955019
001V7D9.291P2,INVALID
00.6169888,006169888
0064457.55,INVALID
008-80-4434,008804434
00514351-2,005143512
003751304,003751304
004-63-1366,004631366
0068552.22,INVALID
00263348-3,002633483
00818.066e1,INVALID
002-04-0168,002040168
005-47-4710,005474710
003M2.4b24G81,INVALID
005389929,005389929
00O4O96657-8,0004096658
008H5974-38,008597438
0038.35,INVALID
03.4657,INVALID
005-28-4390,005284390
008.954387,008954387
007-14-6875,007146875
0090309.15,009030915
001-65-3650,001653650
008-49-4318,008494318
000914-4,INVALID
003838793,003838793
007-19-1751,007191751
00695-4,INVALID
z002560S-987,002560987
0053547.63,005354763
0079l.K40021L,INVALID
005-68-3571,005683571
003702786,003702786
0033E30W.344,INVALID
009466043,009466043
004-54-6654,004546654
003-73-4686,003734686
00-2843,INVALID
008970973,008970973
00.9378158,009378158
W006g795C59.9,INVALID
0.087J80M452H,INVALID
016536-50,01653650
007.9C2S5r075,INVALID
00r36X558-08,INVALID
005995657,005995657
007514-382,007514382
004-64-8529,004648529
003600921,003600921
006658-819,006658819
0-053452,INVALID
0077838n-8F9,INVALID
009-72-8773,009728773
007857052,007857052
09169-341,09169341
007-26-2460,007262460
0.y011355l98,INVALID
007485.604,007485604
00-2174,INVALID
006172-652,006172652
007-77-5039,007775039
006-97-3207,006973207
00B30.K24874,INVALID
00230521-1,002305211
00283212.8,002832128
0019913-2,00199132
004076479,004076479
00fC65098z8.9,INVALID
008441006,008441006
009-19-0841,009190841
005-52-6877,005526877
0099.85208,INVALID
003939756,003939756
00-9649017,009649017
00830.9924,008309924
005811501,005811501
0037-52378,003752378
009932427,009932427
02-9634,INVALID
00-6359275,006359275
007-51-5134,007515134
00674.2545,006742545
009369375,009369375
00749653-8,007496538
009-93-5501,009935501
009041875,009041875
o00239249.i9,00239249
0054244-53,005424453
005-72-6242,005726242
0J048373.78,INVALID
0057.481,INVALID
015-73717,01573717
001598038,001598038
008259013,008259013
001065977,001065977
0-F09622q378f,INVALID
0030.63145,003063145
0.05945296,INVALID
006-51-2572,006512572
001-05-5497,001055497
0988-520,INVALID
009-66-4575,009664575
00.5252810,005252810
0055161-92,005516192
004o2I4Y77.81,INVALID
006246777,006246777
008-90-1398,008901398
00583.6440,005836440
009-59-1244,009591244
002226517,002226517
0.06234709,INVALID
0010367.60,INVALID
001.278371,001278371
0-068b93497,006893497
00.2414009v,INVALID
005292300,005292300
007.81g9333U,INVALID
003-22-8735,003228735
0099996.67e,INVALID
001-22-3977,001223977
004-04-9914,004049914
001699577,001699577
0-0453350,00453350
00927521-6,009275216
038814.9,INVALID
0688-086,06880860
0.07674861,INVALID
00274001-3,002740013
009951C75.9,009951759
00369.177,00369177
008.758918,008758918
008487767,008487767
0051319-0,00513190
Q-007Y366937b,INVALID
004453111,004453111
009-10-3409,009103409
001.80921,00180921
002300647,002300647
00617265.2,006172652
008-702265,008702265
001-01-8945,001018945
00175-7892,001757892
007838530,007838530
005-13-3078,005133078
002-41-6431,002416431
006716303,006716303
003-33-3878,003333878
003-90-6966,003906966
008-28-5291,008285291
005-27-3833,005273833
003018932,003018932
0042-77724,004277724
006-38-6537,006386537
005015894,005015894
0.03549452,INVALID
00656.2281,006562281
006184256,006184256
006-26-3926,006263926
002679161,002679161
005-70-6721,005706721
00753-7617,007537617
001512-566,001512566
00532290.6,005322906
006536621,006536621
0mn06846.316O,INVALID
0049-977,INVALID
00664-h6429,006646429
00116498.8,INVALID
008553698,008553698
007711611,007711611
00.5507330,005507330
008-09-3720,008093720
E00o1c78.3484,INVALID
0403-30,INVALID
006318963,006318963
0-07828788,007828788
006-92-0115,006920115
00702879-K9,INVALID
07.46313,INVALID
009-60-6221,009606221
006336.016,006336016
003-35-1072,003351072
002-08-1525,002081525
008-683852,008683852
0.059404S26,INVALID
0s043884-15,INVALID
0027532-53,002753253
002636575,002636575
00884-4981,008844981
008-00-5727,008005727
U0-J08574492,08574492
L009195663x-w,INVALID
00635687-2,006356872
005115-494,005115494
003-97-5732,003975732
004510121,004510121
008.511075,008511075
0080-90960,008090960
00.2427311,002427311
009769.687,009769687
0019-78278,001978278
005-02-9006,005029006
R005041.437,R005041437
001142152,001142152
001.5473,INVALID
004141693,004141693
004091505,004091505
00713036.2,INVALID
0037-8rP55L01,INVALID
0089126-30,008912630
00-4950263,004950263
0017780-15,001778015
002709y6.42,002709642
003692433,003692433
004.594194,004594194
004-485,INVALID
00190.8716,001908716
004397223,004397223
008623230,08623230
009-769945,009769945
002-60-4630,002604630
3-41984,INVALID
00.1961257,001961257
001-13-5283,001135283
0025.01210,INVALID
009-04-8388,009048388
0055.93620,005593620
S0012-7c8171,INVALID
003-88-1648,003881648
0.06330814,INVALID
00811-6985,008116985
006883U4-55,INVALID
004-16-6432,004166432
0015.16540,001516540
001348284,001348284
0.01957875,INVALID
00.5123746,INVALID
009148303,009148303
004-58-4053,004584053
005435677,005435677
006-74-9122,006749122
00H5.6T81971,INVALID
00920108.3,009201083
005-50-3374,005503374
00462529-4,004625294
00E69849ah9-5,INVALID
005041611,005041611
0-1616972,01616972
002-45-7655,002457655
0sx-059515Q08,INVALID
008.676751,008676751
007-39-9308,007399308
005865906,005865906
Wl-005B471209,005B471209
00-9774328,009774328
0077.65,INVALID
00788.1701,007881701
001683627,001683627
003-518474,003518474
003576595,003576595
003919649,003919649
003-20-2559,003202559
005.53x6641,INVALID
068-48056,06848056
00572.40,INVALID
0074.85604,007485604
00.3785882,003785882
007856415,007856415
009087384,009087384
00726-5542,007265542
0070-274E57,INVALID
002-81-6286,002816286
0071.D06861,007106861
002364430,02364430
005.5613,INVALID
004-62-0663,004620663
008-69-4342,008694342
09-304390,09304390
0082-83075,008283075
007-68-0943,007680943
005738499,005738499
005687669,005687669
00852120.5,INVALID
004709588,004709588
Z00g242-8c834,INVALID
001750957,001750957
0.096326,INVALID
0040766Z.YO21,INVALID
007-04-3488,007043488
007500055,007500055
0o0Q.2205301,0002205301
001-770,INVALID
004062055,004062055
0-02192670,002192670
009778972,009778972
0-09606221,09606221
006.749530,006749530
00j27-60893,INVALID
008-07-2356,008072356
008727415,008727415
008343.975,008343975
0725.23,INVALID
0032.69213,INVALID
002-45-9626,002459626
006470019,006470019
bd-003k370150,INVALID
009992-782,009992782
03742-2,INVALID
0077710.06,INVALID
00-5819867,005819867
00.664175x8,INVALID
005-16-2945,005162945
0061-93807,006193807
0-07463,INVALID
00.5616863,005616863
001991767,001991767
005693-31,00569331
004-035,INVALID
003803841,003803841
006565.16,INVALID
00.8537139,008537139
0.08514430,INVALID
004626922,004626922
004-64-7270,004647270
006Y8KE340-90,INVALID
0098597.78,INVALID
001345257,001345257
009-31-8375,009318375
0-062480,INVALID
004-4590U95,INVALID
0250-1638,02501638
00760330-7,007603307
00503-1907,005031907
00672.7065,006727065
00-227538,00227538
001-17-5184,001175184
07-9674,INVALID
006580060,006580060
0O.07730434,07730434
002046249,002046249
009.002464,009002464
0078.86,INVALID
007-06-7209,007067209
00252.6177,002526177
00-4325367,004325367
0I062779-18q,INVALID
005977670,005977670
005252-810,005252810
009A.lX479367,INVALID
00.86671,INVALID
007575692,007575692
008-31-6186,008316186
003-93-5685,003935685
00643570.1,INVALID
00531-1,INVALID
0B.08U010082,0B08U010082
00o383879F.3,INVALID
03424.210,INVALID
0u05.123060,INVALID
002-29-8401,002298401
00890627-6,008906276
0090.26814,009026814
002015262,002015262
0086.322,0086322
005482518,005482518
0229258.0,02292580
0-06257506,006257506
008-73-5955,008735955
008702265,008702265
00317321-7,003173217
003666373,003666373
0018-59623,001859623
06887.9,INVALID
00.844258,00844258
006-38-5533,006385533
008-03-0111,008030111
02-05044,INVALID
0021214-7,00212147
009281990,009281990
00-8732,INVALID
00147282aK.7,INVALID
0095610-4,00956104
002342481,002342481
Uk003S74.4193,0003S744193
005236146,005236146
00937484-3,009374843
0035056.16,INVALID
0016.23,INVALID
0067-4342m1,INVALID
s-008851861,008851861
00327.5904,INVALID
00818.3,INVALID
00.4833K49NO0,INVALID
001-35-6979,001356979
009-31-8959,009318959
0082812-65,008281265
0050.37930,005037930
00525784r.6,INVALID
003947.246,003947246
004801307,004801307
0086735.94,008673594
007052815,007052815
00964.2061,009642061
036901.50,03690150
008-72-9674,008729674
00433-8236,004338236
005-72-5418,005725418
009-54-9954,009549954
00727061.9,007270619
002-00-2748,002002748
0041815.22,004181522
00h7c597-9t65,INVALID
0066.78103,006678103
t0J01614-373,INVALID
00939-0002,009390002
008-58-6386,008586386
0079.86984,INVALID
081694.1,0816941
0p0.450150w9,INVALID
001074750,001074750
002216043,002216043
003-60-6590,003606590
004-98-9853,004989853
006-99-2181,006992181
003663116,003663116
007.001361,007001361
002041722,002041722
0059455.44,INVALID
00503.9,INVALID
0255-73,INVALID
004089886,004089886
0086.82466,008682466
002-15-6426,002156426
001824208,001824208
007713309,007713309
003571198,003571198
007537094,007537094
008052358,008052358
009-46-6892,009466892
001572.0,INVALID
05.513660,05513660
008-469X97T7,INVALID
006-91-1150,006911150
00.6582021,006582021
0080-93038,008093038
008894816,008894816
007378011,007378011
001712.149,001712149
004375709,004375709
0.02596,INVALID
008I229-749,0080229749
006-21-7112,006217112
00.5212073,005212073
00319-8603,003198603
0063-082,INVALID
006-95-0342,006950342
0034.2863,00342863
d00.420762q2,INVALID
0411-55,INVALID
0.50218,INVALID
0049.42551,INVALID
002-44-4425,002444425
003607478,003607478
009-02-0923,009020923
00978627.8,INVALID
006426-611,006426611
004517141,004517141
003-84-9955,003849955
009553283,009553283
001-35-0786,001350786
00539-9661S,INVALID
001350.786,001350786
002745120,002745120
0019.94428,001994428
004457396,04457396
009-14-5825,009145825
005456-493,005456493
0054832-41,005483241
009991182,009991182
008j39.g1P827,INVALID
002-34-3595,002343595
009260085,009260085
009-62-5825,009625825
005-61-6712,005616712
001975078,001975078
002415228,002415228
006-03-7871,006037871
0.L07080799,007080799
007-43-1139,007431139
031-621,INVALID
00305102-3,003051023
003-19-6318,003196318
008118.3,INVALID
0030910-59,003091059
0.01802139,01802139
00397093.7,INVALID
0034.29245,INVALID
004-73-8953,004738953
009-70-7774,009707774
0-0417655,00417655
00-690646Q4,INVALID
071507.07,INVALID
002576036,002576036
002-35-3064,002353064
0.00157,INVALID
007-58-6308,007586308
003-05-2529,003052529
0055-389,0055389
y00o93.74843,INVALID
007-33-3730,007333730
003-89-0949,003890949
0020263.23,002026323
0.07201070,INVALID
0.06801255,INVALID
0086.5O2994,0086502994
R0J-01276547,INVALID
005-11-7192,005117192
007-03-4169,007034169
004.549668,004549668
007440531,007440531
00361-6990,003616990
007919672,007919672
002-20-0858,002200858
002217488,002217488
0059918-9,00599189
0064-67501,006467501
003205234,003205234
0-09p4940c07,009P4940C07
003-32-4557,003324557
00-5456493,005456493
0098210.84,9821084
002668-002,002668002
00385H.209Qx2,INVALID
0-06291,INVALID
0-0z9773955,009773955
001338387,001338387
0028888.47,INVALID
009-00-3533,009003533
001892347,001892347
0-59333,INVALID
009794213,009794213
00260504-4,002605043
0521-971,0521971
012.6219,INVALID
004671989-F,004671989
001991.321,001991321
0c0480134N-3,INVALID
H.00Q39V88955,INVALID
00337967-8,003379678
0011j362.02,INVALID
0-05039500,005039500
0776-28,INVALID
002-33-3639,002333639
bg0099397e-91,INVALID
007-69-0666,007690666
003-02-5776,003025776
005252810,005252810
007-20-3466,007203466
0056694.4F3,INVALID
005860.010,005860010
0.05817,INVALID
0-0914585,00914585
005826077,005826077
002-6121,0026121
005-03-9500,005039500
005297809,005297809
004533516,004533516
0.024963,INVALID
007.19043,00719043
006070-54,00607054
046-605,INVALID
002-96-4639,002964639
00331383.8,INVALID
006-63-1613,006631613
002821.885,002821885
0050d8481-7,005084817
005-46-2333,005462333
00548-7489,005487489
00.151849,00151849
0090.20923,009020923
004827200,004827200
009-70-5642,009705642
006742.396,006742396
00503950h.0,INVALID
004472409,004472409
0109.3948,INVALID
005053708,005053708
0.08814905,INVALID
006-27-9019,006279019
009-64-6027,009646027
00435.441,00435441
00Ra41s852-88,INVALID
009-47-9653,009479653
004-34-3117,004343117
vL00R7-414580,INVALID
005-18-8533,005188533
002137.6,INVALID
0.0i9G475260M,INVALID
00O527426.3,INVALID
005-93-8504,005938504
009488.4,INVALID
0050014.47,INVALID
004709851,004709851
006071784,006071784
001596919,001596919
00.618225F7I,INVALID
009-99-5882,009995882
00.8503905,008503905
004-16-9081,004169081
009842806,009842806
0-07444484,07444484
005674315,005674315
005d.316859,0055316859
008967-41T5,INVALID
003-18-9782,003189782
002.908406,002908406
00707884.3,INVALID
005447-64,00544764
00838.2,INVALID
07-44166,07441667
006e18.i1261,INVALID
008-92-3523,008923523
0044.82856,004482856
060-47697,06047697
0-0608vi4496,INVALID
005039500,005039500
003085010,003085010
008809.553,008809553
0045-57295,004557295
002-46-1092,002461092
007289820,007289820
003-44-9819,003449819
001s135-598,001135598
004-78-1174,004781174
00-10ez5736G5,INVALID
0A06r6J7-8130,INVALID
001-64-8255,001648255
00661434.0,006614340
00775582.8,INVALID
00896-3912,008963912
005837164,005837164
006243938,006243938
006807.130,006807130
002357.488,INVALID
00.7790163,0007790163
00304O72-71,INVALID
002-65-1553,002651553
004864523,004864523
008237162,008237162
035-928,INVALID
008-84-7803,008847803
00999.9667,009999667
009254904,009254904
00u714.2314,INVALID
006z.358J585,INVALID
001-27-2415,001272415
0u082.25b696,0008225696
05-1664,INVALID
002156545,002156545
00-5030053,005030053
002178814,002178814
00396-3862,003963862
0058-037,0058037
00-3385061,003385061
005-69-4232,005694232
007-49-3949,007493949
002577303,002577303
007191751,007191751
0030t8.3874x,INVALID
420.788,INVALID
008837501,008837501
003-60-0921,003600921
001-89-6150,001896150
006-26-1027,006261027
006103325,006103325
0-05893236,005893236
00.369700,00369700
006.865413,006865413
0914.66,INVALID
006.986890,006986890
002359-36,00235936
00122-0542,001220542
006770265,006770265
004-53-4306,004534306
0088459-20,008845920
004-22-6400,004226400
012.158,INVALID
007-05-5761,007055761
007689478,007689478
00-8222350,008222350
0.05740153,INVALID
006907661,006907661
0053b5096.5,INVALID
0-06562595,06562595
00299-7392,002997392
00e6N809-680,INVALID
64046-0,INVALID
0037-85882,003785882
0039103.4,00391034
00.cUq3713023,INVALID
m009634.725c,INVALID
0019.9572,00199572
006474-421,006474421
084.525,INVALID
008945655,008945655
001-87-6004,001876004
00718F51.8c8,INVALID
002769992,002769992
0b096151-02,INVALID
00-6198295,006198295
0057.6Q5135,00576Q5135
004KS693.693,INVALID
00205735.7,INVALID
0.0z9595082,INVALID
002-22-2318,002222318
00-7097177,007097177
00745273-0,007452730
006-33-4469,006334469
0064-81317,006481317
00645b-8q434,INVALID
004908-189,004908189
0060995-46,006099546
04.7365,INVALID
00231.2867,002312867
003-69-9757,003699757
008030178,008030178
00992-79,INVALID
005-20-0198,005200198
007-120569,007120569
00812-3431,008123431
006161021,006161021
007095801,007095801
00822-248,00822248
0d03063.G954,INVALID
004856538,004856538
0960.6221,09606221
003T3N1t42-30,INVALID
00-3989Q955,INVALID
006-30-6432,006306432
001-82-1597,001821597
00658-7343,006587343
0050.067,INVALID
0034Z5V.2695,INVALID
00764570.5,INVALID
003-75-7700,003757700
j00Ju.6928993,INVALID
007882697,007882697
005956047,005956047
0.07591634,INVALID
0012685-06,001268506
005-98-9343,005989343
0013.39068,001339068
00.95h34030,009534030
005122312,005122312
0-01945608,001945608
0-07307864,07307864
001800445,001800445
006306-432,006306432
0.037858k82,INVALID
0-13971,INVALID
053.282,INVALID
00411.0038,004110038
007-05-2815,007052815
008-809409b,INVALID
00365.7124,003657124
008891469,008891469
002842846,002842846
01-891517,01891517
009-09-0375,009090375
004-79-9994,004799994
0085905-75,008590575
0055044-5,00550445
001-64-2266,001642266
03512.377,03512377
007558836,007558836
006302.105,006302105
0099564-83,009956483
009p21216-0,009212160
005687846,005687846
007261377,007261377
0078-32481,007832481
009229853,009229853
001613.735,001613735
00591-1980,005911980
00312.0374,003120374
00518134.7,INVALID
00420-52,INVALID
0.09729101,INVALID
003-34-7709,003347709
00159-9894,001599894
00585-95,0058595
001481-094,001481094
009999667,009999667
00118-7147,001187147
002-38-8563,002388563
004549.66mD8,INVALID
0205194.0,02051940
002387-8,INVALID
03199-48,INVALID
0090130-52,009013052
0.058041,INVALID
G00H698689-0,INVALID
0086.9C8759,INVALID
00922360.6,009223606
0P0-W515294L8,INVALID
a004.2595y14,INVALID
005093122,005093122
005010861,005010861
07428-8,INVALID
698.896,INVALID
0052-30,INVALID
0556.640,0556640
003406398,003406398
004030943,004030943
00947-8368,009478368
0077-98Gj74O4,0077987404
00551.3412,005513412
00792-597,00792597
009462016,009462016
0-03089427,03089427
004-70-1674,004701674
01-8366,INVALID
07003-4,INVALID
006-21-0732,006210732
0085712.04,INVALID
00x7747-71r4,INVALID
007728609,007728609
007778628,007778628
004439810,004439810
0x03-873443l,INVALID
00965-8557,009658557
0035955.1,INVALID
007544100,007544100
00682238-1,006822381
09.415905,09415905
0r0.803H1070,INVALID
009415905,009415905
006-24-3938,006243938
007449042,007449042
013.36317,01336317
00839063-3,008390633
002-65-3649,002653649
002-0910r42,INVALID
0069-79162,006979162
00.114252,00114252
001845-405,001845405
008334-292,008334292
0637245-4,06372454
005-87-3004,005873004
005566832,005566832
00M13624-80,001362480
009-10-0309,009100309
007441213,007441213
0034523.5d0,INVALID
0010.23892,001023892
003576854,003576854
001-90-0351,001900351
008323122,008323122
085223-2,0852232
00416-607H2,INVALID
008374-6,INVALID
0OT0t62-84168,0OT06284168
02791.14,INVALID
00-7792509,007792509
005-96-9680,005969680
0055.06984,005506984
001229271,001229271
005885212,005885212
008-63-0099,008630099
00.6829701,006829701
008-288055,008288055
0-06709689,06709689
004346306,004346306
0097.07302,009707302
001-64-7087,001647087
00743767-6,007437676
00403.3k633,004033633
0o08894.816,INVALID
009o69378-9,009693789
0092.39972,009239972
00588.3037,005883037
0-05257846,005257846
009010.119y,INVALID
00.7527690,007527690
0036-967,0036967
008-085669,008085669
00160o6-758,0016006758
00139023.0,INVALID
005-21-9471,005219471
0-058W73004u,INVALID
0048-61165,004861165
007-54-4045,007544045
003122497,003122497
00615-7696,006157696
0-07246,INVALID
003-19-2178,003192178
0-02685382,02685382
007-88-1697,007881697
U0051w209B.17,INVALID
003304194,003304194
009-380,INVALID
006838-082,006838082
006.345634,006345634
007842352,007842352
005803506,005803506
008-20-3402,008203402
008380.857,008380857
B005g3-o88443,INVALID
002-27-0430,002270430
005559-150,005559150
00.6807594,006807594
006-36-6346,006366346
0.09878247,INVALID
00589-94,0058994
0072823.50,INVALID
0.096393,INVALID
008539545,008539545
003-67567,00367567
0067-88,INVALID
002-63-4474,002634474
00993011-0,009930110
00k30-X61638,INVALID
001-97-9546,001979546
008247927,008247927
006-35-9275,006359275
0041633-02,004163302
006.8405f40,006840540
00-192137,00192137
05759.50,INVALID
004708722,004708722
008569555,008569555
001.135598,001135598
009-43-3069,009433069
003-97-3552,003973552
006-16-4520,006164520
001427456,001427456
02.55633,INVALID
005510888,005510888
024.001,INVALID
004.877811,004877811
001-47-8105,001478105
003332318,003332318
0010017p1-Ss0,INVALID
07-667197,07667197
007-17-1567,007171567
00281248-9,002812489
00955259.8,INVALID
003P9-14690,003914690
0-t05Z840194,0t05z840194
008-50-7820,008507820
009786x277-Y,INVALID
0.0QX7225919,INVALID
0052-34213,005234213
008704900,008704900
005.823785,005823785
0005-881,INVALID
05845-41,INVALID
004-71-0482,004710482
00-3985161,003985161
00269276-8,002692768
001702626,001702626
063-73111,063731111
005085804,005085804
00.2230507,002230507
0.03973395,INVALID
008638391,008638391
008110733,008110733
00-4028468,004028468
001-46-1448,001461448
d006-43X7587,INVALID
00.786022rS8,INVALID
007580317,007580317
0.04213909H,INVALID
004-14-6274,004146274
07240-4,INVALID
00593677.9,INVALID
002-09-2952,002092952
00761730.5,007617305
0-08216634,08216634
00.8844261,008844261
003-95-9874,003959874
004-62-0756,004620756
003697-022,003697022
004.999,INVALID
0-08230094,08230094
0019.91321,001991321
003802005,003802005
007-93-4773,007934773
005-60-0054,005600054
006-47-4937,006474937
0-0485733,00485733
00305252-9,003052529
04.181522,04181522
0010-65977,001065977
00357.397,00357397
002640-557,002640557
008849744,008849744
0064937-13,006493713
00828202.6,INVALID
008230.842,008230842
001963578,001963578
7404.677,INVALID
00141916.9,001419169
005-70-8617,005708617
0CW03672.673,INVALID
00670-6520,006706520
0098512.15,INVALID
00303920.9,003039209
0060242-69,006024269
001527708,001527708
0035.05741,003505741
0083.50632,008350632
KF-00S7895561,INVALID
00-9029237,009029237
001-61-4373,001614373
006647863,006647863
003.53189W5,INVALID
00163.650,INVALID
0060429V8-8,INVALID
076452.0,INVALID
0034348K05-i,INVALID
00140-1173,001401173
0840-223,08402230
007374627,007374627
0033.44,INVALID
00722589-2,007225892
005600052,005600052
00600700-9,006007009
0-08849668,008849668
003444276,003444276
0051024Q.81,005102481
006-15-1685,006151685
002493120,002493120
0086.73312,008673312
005-434523,005434523
004166588,004166588
0179.79,INVALID
d0t0.770442I2,INVALID
002-46-3000,002463000
00U-56726R31z,INVALID
005-96-3303,005963303
0.969760,INVALID
001192451,001192451
004-91-1053,004911053
002-35-8967,002358967
006-34-9926,006349926
0-06Q178w97w0,006Q17897W0
009-63-5249,009635249
009700978,009700978
005476651,005476651
00TF77q77-283,INVALID
0076.80943,007680943
00-7632481,007632481
004904124,004904124
003774510,003774510
008.824360,008824360
00-05535,INVALID
0082H89-599,0082H89599
00615228.4,INVALID
005590032,005590032
009-59-9482,009599482
004.860054,INVALID
00267599.3,INVALID
00b.n2472763,0062472763
0056.98KE2q74,INVALID
0041152-90,004115290
00136147u-Y4,INVALID
009-39-3057,009393057
00392.7292,003927292
005860528,005860528
009819587,009819587
001-57-3717,001573717
00718.9Z1jf63,0071891563
009-07-8771,009078771
009-215248,009215248
001482.721,001482721
006.223871,006223871
005058281,005058281
00-7729880,007729880
003-01-8635,003018635
007680943,007680943
W00594v-5505,INVALID
00-7395322,007395322
006-16-0118,006160118
0068409-99,006840999
Q-006009450zA,INVALID
001-36-5790,001365790
006219637,006219637
002-82-9743,002829743
00107489.7,INVALID
005140294,005140294
00664-814,00664814
007728520,007728520
008291-1,0082911
00404xq-0508,INVALID
003-12-2497,003122497
003436779,003436779
0k074o0V-8112,INVALID
002-46-6760,002466760
002-15-2922,002152922
006601331,006601331
0057135-81,005713581
009947334,009947334
007-68-4753,007684753
002-9139,0029139
0.0EX8u769942,INVALID
004658307,004658307
001-7078,0017078
0-03008610,003008610
005463651,005463651
008450005,008450005
0055-21985,005521985
0-01176768,01176768
00667813-0,006678130
003512606,003512606
80-5664,INVALID
005971073,005971073
0-0203513,00203513
003782430,003782430
009469614,009469614
001143215,001143215
0094.89,INVALID
0061.60823,006160823
009308-076,009308076
00690-9412,006909412
003-85-6992,003856992
00-H720m0676,007200676
0090013.02,INVALID
0o-02i2009k65,INVALID
0M0443-n9810,INVALID
00378-3872,003783872
001353730,001353730
003887.5,INVALID
005-66-5597,005665597
z0.0U6412533,INVALID
0057111.53,005711153
003-38-2976,003382976
001-572614,001572614
003-89-7892,003897892
002-32-6732,002326732
002729557,002729557
001-84-1449,001841449
0-04106939,04106939
0.6023782,INVALID
0.04221732,INVALID
00-7476680,007476680
0017721.6,INVALID
00187391-3,001873913
0043337-21,004333721
0061726.52,INVALID
004-24-1749,004241749
003-59-3207,003593207
008.2246Fg2b8,INVALID
00.7123091,007123091
001751604,001751604
0.05465786,INVALID
002-92-4957,002924957
004803-304,004803304
019175.2,INVALID
0094786-17,009478617
008834930,008834930
0089848g-05,INVALID
001640908,001640908
009.951759,009951759
003250X47-7,INVALID
004-18-1522,004181522
00kT35.79B386,INVALID
Y00.O2190K769,0002190769
0-03601,INVALID
0-04i141693,004141693
00902-1684,009021684
00437-92,INVALID
00.4468640,004468640
008704.289,008704289
00970.6A792,INVALID
0078GQ0-453c6,INVALID
008-81-4905,008814905
0017327-61,001732761
04.86190,INVALID
L00C980.2206,INVALID
008725149,008725149
007-54-1438,007541438
00Ee12221-2K6,INVALID
00292503-2,002925032
008061133,008061133
00195-7863,001957863
009-35-9197,009359197
0069-38,INVALID
05-0417,INVALID
00500.593,00500593
005-90-3375,005903375
0-G01898580,001898580
009690398,009690398
001-40-4119,001404119
003627927,003627927
00u638706.6,INVALID
00222.9819,002229819
00.2325,INVALID
21132-3,INVALID
004996142,004996142
0-0260044,00260044
007-16-5284,007165284
008711966,008711966
011.0047,INVALID
0054.5389,00545389
0Nh027.831X47,INVALID
003897.80,00389780
002-31-9327,002319327
00917-6337,009176337
0087-29674,008729674
0064128.22,INVALID
005-03-0053,005030053
008539.507,008539507
0020xP3j2-650,INVALID
003255344,003255344
007-05-2813,007052813
009977051,009977051
0026018-9,00260189
003-96-5834,003965834
y0011-45399,001145399
003198.491,003198491
008548-975,008548975
0.82102,INVALID
003.11278,00311278
008477543,008477543
00402799-7,004027997
001-29-4669,001294669
053-411,INVALID
007.008105,007008105
0-03452q695,INVALID
00.9291189,009291189
004382.7,INVALID
001-79-6925,001796925
Q008q71h-3795,INVALID
004.406867,004406867
0-08764846,008764846
0040473-33,004047333
0253.253,INVALID
0-12841,INVALID
00.4606557,INVALID
008-29-1514,008291514
00.31126sk5C4,INVALID
x00171-t2032,INVALID
002-39-2222,002392222
001425927,001425927
0014.95564,001495564
0045597.25,004559725
008765308,008765308
007619849,007619849
0043.95932,004395932
0LG06-17o2652,INVALID
042127.8,INVALID
009-25-2504,009252504
00378145-7,003781457
003545737,003545737
0012.6P8681,001268681
00621-7100,006217100
008722966,008722966
0-0960841,00960841
009470294,009470294
00189360.6,INVALID
009312859,009312859
001927735,001927735
001-26-7227,001267227
0026-04606,002604606
0-0p5P622272,005P622272
0076-90666,007690666
00-6362191,006362191
004377764,004377764
002-89-8190,002898190
00-5Woc967384,INVALID
059328.6,INVALID
00830.92,INVALID
005616421,005616421
009440151,009440151
004-32-0746,004320746
00-9365496,09365496
0058-65906,005865906
006070.430,006070430
0025-28114,002528114
0r01296w0X.78,INVALID
00550167.2,005501672
0207.950,INVALID
0B0183.262w9,INVALID
002-44-0989,002440989
005-54-3182,005543182
0-02921789,02921789
006-40-6064,006406064
003-61-2651,003612651
002-84-2697,002842697
001-44-9353,001449353
005843579,005843579
00.5301,INVALID
00621-0732,006210732
002-78-0442,002780442
0.07103479,INVALID
00C8AK.181110,INVALID
00118714.I7,INVALID
0.08729674,INVALID
007.962983,007962983
002135852,002135852
00.1614373,001614373
00308.6492,INVALID
002-63-2661,002632661
0036-86486,003686486
0-05322906,005322906
003433.3,INVALID
00126-2198,001262198
006-20-7647,006207647
00159.9076,001599076
008-89-1469,008891469
0018943.15,INVALID
004156933,004156933
00-77819,0077819
0X05-Y033370P,INVALID
009-36-5496,009365496
0034163-50,003416350
0p.0k6073862i,INVALID
00103714-7,001037147
004-63800,00463800
0029139.47,INVALID
0624-67,INVALID
00172408.1,INVALID
009272189,009272189
005-37-7231,005377231
004559733,004559733
002407021,002407021
006-43-1010,006431010
002.641578,002641578
002T5817.39,INVALID
02542.729,02542729
00.7545005,INVALID
004.114011,004114011
00.3693666,INVALID
00J.2474767,INVALID
s006547-061D,INVALID
0079.25975,007925975
004876969,004876969
06201-5,INVALID
009560942,009560942
0T0-9016056n,INVALID
001248884,001248884
003-01-4645,003014645
0082417.23,008241723
002574357,002574357
009Ny685.6b67,INVALID
009892887,009892887
074332.13,07433213
009442291,009442291
0052562-68,005256268
00-8067857,008067857
00644575.5,INVALID
0501.84,INVALID
006-49-2704,006492704
001-68-8135,001688135
00317.2,INVALID
0-01188036,01188036
008964398,008964398
0096-71,INVALID
00-4712927,004712927
00130l-4706,0013014706
0.02240,INVALID
004952724,004952724
0.03982346,INVALID
0-02753253,002753253
004-48-3189,004483189
0034063-98,003406398
006.027819,006027819
0985-505,INVALID
785.531,INVALID
00.7346130,007346130
00697.7u558,0069770558
003-97-2176,003972176
002004166,002004166
0624277.9,06242779
00-6764383,006764383
0051266.09,005126609
008733127,008733127
003-00-8028,003008028
009-63-8305,009638305
00265996.1,INVALID
00829-4928,008294928
Z0v022727.95,INVALID
0032.10228,003210228
007207-48,00720748
001-75-7892,001757892
004422830,004422830
009.144639,009144639
007-48-5604,007485604
009238551,009238551
0073432-00,007343200
001xu426-G301,INVALID
0030692.24,INVALID
0p0959189-4,INVALID
008278774,008278774
001215728,001215728
002090871,002090871
0.06020660,INVALID
009-80-6497,009806497
008-60-9698,008609698
006112200,006112200
001-46-5845,001465845
003.7241,INVALID
00184.a6Rr251,INVALID
001219-440,001219440
g0-02705785,INVALID
003-34-8308,003348308
001315314,001315314
0015621-8,00156218
00272.2141,002722141
005617719,005617719
U.0d01751604x,INVALID
004-30-6922,004306922
006141847,006141847
007-77-8628,007778628
003-57-7312,003577312
00N129H4-56P9,INVALID
005212556,005212556
002-44-1009,002441009
0045.87764,004587764
005806498,005806498
007068825,007068825
00247r4-76v7,INVALID
00-8471487,008471487
003-40-6398,003406398
0.187147,INVALID
002Y1.4397A6,INVALID
0051-6156,00516156
005-600052,005600052
007984957,007984957
005308583,005308583
009161308,009161308
0.08062012,INVALID
003-65-5808,003655808
006-92-6107,006926107
004786889,004786889
008735103,008735103
0039-216,INVALID
004-46-5681,004465681
061-6273,0616273
009.542823,009542823
009-44-9841,009449841
MW-0069065d38,INVALID
002594.163,002594163
00-635849,00635849
00200-4,INVALID
004-65-4270,004654270
004-28-4222,004284222
003.984074,003984074
009-82-8901,009828901
009387979,009387979
00995256-3,009952563
009673623,009673623
0.07272510,INVALID
006-12-5069,006125069
00722-2,INVALID
0-08471487,08471487
0017.72360,001772360
002N-814925,INVALID
004207108,004207108
002623316,002623316
007-19-4523,007194523
C0011457-66,001145766
00796423-6,007964236
0051d38280-oL,INVALID
0095U1.1v23X2,INVALID
009-27-3845,009273845
008-52-0727,008520727
0G0328.8185,INVALID
008998369,008998369
f0080.87t252,008087252
0069.51305,INVALID
H0088914.u69n,INVALID
0.23176,INVALID
0-084013,INVALID
007-18-4074,007184074
001-66-6403,001666403
0051q1-S5494,0051915494
009.145825,INVALID
006P746.280,006P746280
00491602.0,004916022
007-59-3251,007593251
06.0174,INVALID
004647270,004647270
0053294.98,INVALID
019002-85,01900285
002382113,002382113
0071j9.8X992,INVALID
006762997,006762997
0077.69362,007769362
00736.3282,007363282
D0082.4V40G83,INVALID
006154302,006154302
0020835-13,002083513
007-24-3584,007243584
00j73.767X96,INVALID
009815549,009815549
008896233,008896233
0-07274345,007274345
00-883e4969O,INVALID
009194504,009194504
004.576569,INVALID
00.4633421,004633421
00585202-1,005852021
01.197171,INVALID
009053.317,009053317
003538440,003538440
007.2248,INVALID
0Hr054.2D9327,0hr0542d9327
0087-36294,008736294
00.3219058,003219058
002604812,002604812
00.7670584,007670584
007-34-8094,007348094
005-50-8850,005508850
006-78-0411,006780411
0124894.5,INVALID
00276-00,INVALID
008-46-5130,008465130
0-02417435,002417435
002792936,002792936
001861249,001861249
00570-5363,005705363
0T.02G44428E5,INVALID
0036101-68,003610168
004-92-2928,004922928
0.02446,INVALID
0C08u783-079,0C08U783079
001-19-1039,001191039
002-17-1424,002171424
006-13-5805,006135805
009950949,009950949
00112038-6,001120386
002U05194-0,002051940
00882.9105,008829105
006206082,006206082
004-91-7380,004917380
006186962,006186962
008-17-6393,008176393
001989446,001989446
007-09-6945,007096945
0-06649278,06649278
008-59-0575,008590575
o00808G4-C076,INVALID
003.9270,INVALID
00658.9,INVALID
001189951,001189951
003-69-9985,003699985
0-087rp38165,INVALID
W00877.0k240,W00877240
004-80-3304,004803304
003-80-0843,003800843
00I9322-L456,INVALID
008-77-7184,008777184
00753t9652-M,INVALID
00.1155875,INVALID
001-87-4697,001874697
0044-19815,004419815
007-78-9403,007789403
008-09-7376,008097376
0012088n6.7,INVALID
0.07542084,INVALID
008-731,INVALID
008-43777U5,INVALID
80-8406,INVALID
0-0716656,00716656
09595-0,INVALID
0F.0a4557g295,INVALID
00303-4,INVALID
001-10-2927,001102927
00.8281266,INVALID
0050497V-38,INVALID
008486308,008486308
009-06-4068,009064068
001-80-7971,001807971
004619189,004619189
008824092,008824092
0034923.04,INVALID
00281304.8jd,INVALID
0071-24276,007124276
07703-6,INVALID
004-219265,004219265
004-5007,0045007
001C127.12I3,INVALID
067139.8,INVALID
0.584579,INVALID
00421025.2,INVALID
0075-876,00758760
007-187109,007187109
0-90861,INVALID
07.9335,INVALID
001026159,001026159
0059-12345,005912345
080-4350,INVALID
006-693103,006693103
002026323,002026323
0046507.1,INVALID
00722-9,INVALID
00.5231365,005231365
003-17-9880,003179880
003343.334,INVALID
00.651326,00651326
008-69-8768,008698768
002454.246,002454246
0094623-97,009462397
01-48715,INVALID
00L8z40-3198,INVALID
00Ed845Q-5360,INVALID
001-89-3606,001893606
0817-244,08172442
0088914-69,008891469
0013-48824,001348824
004-66-6656,004666656
003-120799,003120799
005081922,005081922
001184299,001184299
002-54-2729,002542729
00531-2,INVALID
003-260440,003260440
001.79695,00179695
07541-438,07541438
006631.613,006631613
002-54-8031,002548031
0-06650874,006650874
005.1870,INVALID
004-71-8150,004718150
h0095384-9g9,INVALID
0034192-04,003419204
007-19-6610,007196610
001-07-9455,001079455
004-37-9006,004379006
007946258,007946258
0046606.9,00466069
0019m.8025H1,INVALID
002-25-4014,002254014
04-6545,INVALID
006.386914,006386914
004217909,004217909
00605-6050,006056050
006627612,006627612
0-073486,00734864
005408.495,005408495
0081-67272,008167272
0070992-48,007099248
X.006865413,INVALID
007-13-6297,007136297
007429401,007429401
00262072.5,INVALID
00521.7036,005217036
002-56-1911,002561911
002251.804,002251804
0-01116059,01116059
0-02286426,002286426
005675395,005675395
0-09387979,09387979
0078178.54,007817854
003550-791,003550791
005-37-5355,005375355
004658.122,004658122
009-90-9935,009909935
001279138,001279138
005-83-3983,005833983
00.42139e09,INVALID
00-6725818,006725818
0.8378848,INVALID
002574-357,002574357
008337.815,008337815
00-5x289612,INVALID
001C96838.Q4,INVALID
006-20-2841,006202841
04366.3,INVALID
007-07-3006,007073006
008-58-1017,008581017
0Q0l99d28-277,INVALID
07425-5,INVALID
00871.8156,008718156
003-91-0434,003910434
008-32-7022,008327022
0.06219,INVALID
001638521,001638521
007.441466,007441466
00365-5808,003655808
007.63281,00763281
001169-927,001169927
0027-54299,002754299
0q02059G611.Y,INVALID
008260645,008260645
007605373,007605373
003-96-3164,003963164
00998.1914,009981914
003-84-9904,003849904
0eU0.7442162,INVALID
0047.1123,00471123
06627-62,0662762
00-2753253,002753253
00569.4037,005694037
0037155.7,INVALID
001622436,001622436
009490w9-2P5,00949092P5
006TM75v9-954,INVALID
0.09403665,INVALID
005109559,005109559
0094r402.23,INVALID
001-21-9440,001219440
005-38-5611,005385611
001-65-3383,001653383
00-m2r368248,INVALID
003434805,003434805
0K0190.39H92,0K019039H92
00488.2185,004882185
006.445755,006445755
00ls209-47P96,INVALID
0018-69199,001869199
006277786,006277786
0d069-0646HI4,INVALID
0.095455,INVALID
001038639,001038639
00640-6842,006406842
007-27-0619,007270619
007-153513,007153513
006.280,INVALID
0062.82,INVALID
0032.99660,003299660
00.972726,00972726
001-15-5875,001155875
001873-324,001873324
005873269,005873269
008-82-9876,008829876
0k.04996S1v42,INVALID
0052455-43,005245543
006156013,006156013
009087.13,00908713
004301865,004301865
0073.63827,007363827
001909245,001909245
006999-2,0069992
0.04422280,INVALID
0016137.35,INVALID
004-60-7302,004607302
004-46-5988,004465988
0027564.42,INVALID
004-78-6141,004786141
00430-v6475U,INVALID
0I03-5271w46,INVALID
005519.162,005519162
00225965-8,002259658
00745.2730,007452730
009.758,INVALID
00-8137426,008137426
0.04125721,INVALID
0.09590211,INVALID
004025649,004025649
C0.0943V95C15,INVALID
008622246,008622246
005633110,005633110
0.08590113,INVALID
0090903-75,009090375
001-06-2146,001062146
005-77-3013,005773013
002-39-1918,002391918
0.05020917,INVALID
0019-184,0019184
008-96-3912,008963912
008.195015,008195015
0o0J8.J134427,0008J134427
0601401.9,06014019
004-15-6933,004156933
0012-74,INVALID
009-52-2895,009522895
0058620-61,005862061
009-93-8702,009938702
03.06287,INVALID
00m-2346k624,INVALID
001-23-3432,001233432
0-05862p932,005862932
00.3617137,003617137
0058-73004,005873004
00.8015,INVALID
001653771,001653771
009997534,009997534
007643591,007643591
001-85-9258,001859258
003294617,003294617
001-49-4194,001494194
007J26-86rN66,INVALID
009126.560,009126560
0a0-1640b908,INVALID
008007817,008007817
00f53265.3do9,INVALID
004227801,004227801
003-90-9107,003909107
0078.01015,007801015
006-8659,0068659
002-71-7329,002717329
003144230,003144230
00469-4259,004694259
00966361.C8,INVALID
0622.23,INVALID
00-53204,INVALID
0057-06910KsH,INVALID
007108154,007108154
002-34-8352,002348352
007079685,007079685
0001.12,INVALID
070.75035,07075035
003-8978,0038978
0071-71399,007171399
005804379,005804379
00-5154645,005154645
005-76-2904,005762904
001.796925,001796925
001482-721,001482721
004s274.551,004274551
0025-09791,002509791
007056.926,007056926
009219757,009219757
016337.20,INVALID
00384H.9120v,INVALID
008-064229,008064229
006139910,006139910
001-78-4236,001784236
007959274,007959274
0098.140,INVALID
006w-223958,006223958
0057592-74,005759274
0g0306395.y4,INVALID
02315.89,INVALID
00287743.3,INVALID
00754H.ld1587,INVALID
009282266,009282266
001907.882,001907882
006-09-9792,006099792
005097.511,005097511
0.01560574,INVALID
002585362,002585362
004-78-5333,004785333
00-48766,0048766
001-27-5153,001275153
008751798,008751798
008157050,008157050
00275-8249,002758249
004660450,004660450
002-60-6747,002606747
005-60-0052,005600052
007558116,007558116
0128.33,INVALID
006564378.eU,INVALID
007-11-6340,007116340
007692145,007692145
W0057.a47900,005747900
001739576,001739576
001896150,001896150
001062146,001062146
009-18-0971,009180971
51529.48,INVALID
0019.51685,INVALID
0050E0032n-6A,INVALID
0.07403444,INVALID
004-30350,00430350
008694848,008694848
0037756.66,INVALID
0065.75036,006575036
0027.54299,002754299
00667975-4,00667975
0094997.19,009499719
004393110,004393110
0-02713114,002713114
007643501,007643501
01.71273,INVALID
0-02549764,002549764
00963293X-rS1,INVALID
009532585,009532585
001477917,001477917
00n.9n494007,INVALID
00-2985245,002985245
006604292,006604292
003-38-5061,003385061
00.2590R848kg,INVALID
007376976,007376976
002641578,002641578
002833160,002833160
007174287,007174287
00313-2816,003132816
006406842,006406842
005283.9,INVALID
006-62-7612,006627612
00196.016,INVALID
006809060,006809060
00530.fK4520,INVALID
00-2769992,002769992
0062.14635,006214635
009-76-9183,009769183
0-0750055,00750055
002-89-8109,002898109
004502625,004502625
00737154.0,007371540
008960408,008960408
002-409913,002409913
001-83-6769,001836769
00-6660713,006660713
009-46-9594,009469594
001-60-0406,001600406
0020.6310,00206310
006-86-8434,006868434
009-44-3152,009443152
00.1338387,001338387
002644-0,INVALID
002-17-6080,002176080
00.2314192,002314192
001-31-9143,001319143
00175.78m92f,INVALID
0-08325896,008325896
002477-8,INVALID
003.258823,003258823
002898I10-9,0028981109
005102481,005102481
009.374843,009374843
02573.14,INVALID
004-56-7877,004567877
003-74-4625,003744625
00539086.9,005390869
001-68-3498,001683498
004033021,004033021
0041050.56,INVALID
0.01701634,INVALID
00928u.8363,009288363
004-242a408,INVALID
009951759,009951759
008100.458,008100458
0168.56,INVALID
008051.61,00805161
001292016,001292016
003-17-8512,003178512
009100309,009100309
0039984.85,INVALID
00A3-T823824,INVALID
002-44-0497,002440497
00.1599068,001599068
00680-0S94z0c,INVALID
002-412896,002412896
005-15-9551,005159551
00180J62.58,001806258
0060632-90,006063290
0037.14025,003714025
008762845,008762845
0935740-1,09357401
0w04388-4R15,INVALID
006633066,006633066
008819271,008819271
009520.77,INVALID
00122-1508,001221508
00580650.9,005806509
030-850,INVALID
0Gq.06838082,INVALID
0-04494971,04494971
b004-406047a,INVALID
001-95-7951,001957951
0-0370928u3,INVALID
0039G41Q.4w14,INVALID
00.50533,INVALID
002475030,002475030
003-06-2312,003062312
005671162,005671162
00107.2481,001072481
00218330-2,002183302
0-06450926,006450926
sj0-0409150l5,INVALID
0025858.10,00258584
004-02-8168,004028168
0006395-4,00063954
006-65-5386,006655386
00T13.820k74,INVALID
03401.2,INVALID
009-21-2160,009212160
0016.88305,001688305
00819707-2,008197072
008637078,008637078
0078605-53,007860553
0.0j8Q959237q,INVALID
007541438,007541438
006-49-5794,006495794
00-7546033,007546033
00.397891,00397891
006321-289,006321289
008-26-6517,008266517
004-54-9599,004549599
00-95950,INVALID
0-290798,0290798
002955568,002955568
0-h0E2804586,INVALID
008-61-2352,008612352
002793465,002793465
003-05-2271,003052271
007.273525,007273525
004-67-2704,004672704
004-84-5822,004845822
00-3421596,003421596
002-35-7488,002357488
008-71-3154,008713154
001-78-3916,001783916
c0-07O402446,070402446
000296-9,0002969
008630407,008630407
0020-51940,002051940
008-35-2969,008352969
00-9629,009629
004644.0,INVALID
00-97955,INVALID
001-97-5078,001975078
004-801307,004801307
0v0523005-i3,INVALID
0.09212160,INVALID
00-1941344,001941344
004127654,004127654
077.912,INVALID
0010Q6.7529,001067529
009742-460,009742460
002.309779,002309779
008710090,008710090
00795X028.5,00795028
00-5005298,005005298
006-53-4956,006534956
001746-93,00174693
00387707.2,INVALID
00.3265329,003265329
001368790,001368790
002876373,002876373
02-92768,0292768
0099-54424,009954424
007376796,007376796
008-53-0789,008530789
005509.445,005509445
001752.64,INVALID
00177L5pL48.5,INVALID
007-15-8367,007158367
008-97-0508,008970508
003353-696,003353696
009415.905,009415905
002782706,002782706
00501.4690,005014690
003-742,INVALID
00572-4113,005724113
008-787123,008787123
0.870855,INVALID
004200937,004200937
0lbQ07769.362,INVALID
009-72-7241,009727241
005-251018,005251018
001653650,001653650
00357-8923,003578923
007-62-3718,007623718
0-01778943,001778943
008-67-6751,008676751
002-06-9851,002069851
0062.71391,006271391
00382.1914,003821914
005065678,005065678
0012621.98,INVALID
008-72-4895,008724895
0076748r6N.1,INVALID
0-03699985,003699985
008-120742,008120742
00494-1527,004941527
005-67-3561,005673561
002-z836r04M2,INVALID
0-e02378J871,INVALID
006-84-7669,006847669
0064482-03,006448203
007833847,007833847
00799-0p227,007990227
008-36-5405,008365405
00254803-1,002548031
0J0643.9306,INVALID
006539267,006539267
009304390,009304390
004-46-5176,004465176
005-46J24o31,0054624031
004399077,004399077
00Ke23897s8-9,INVALID
002-14-2191,002142191
004.53020,00453020
002.8167,INVALID
00-9028804,009028804
009692.195,009692195
004647429,004647429
002169575,002169575
007-33-3388,007333388
0-03781457,003781457
003.880325,003880325
0058182.48,INVALID
00c-7973786,007973786
002-54-8505,002548505
0-04285333,004285333
007-378751,007378751
008-47-1872,008471872
008-19-1308,008191308
0.52303,INVALID
0-0D62A79U390,00362A79U390
001-06-8495,001068495
002059611,002059611
z0-0I3406398,003406398
00508.5202,005085202
007647222,007647222
002472.763,002472763
0I0312J-24L97,INVALID
004589425,004589425
003227618,003227618
006-16-9888,006169888
005-53-8061,005538061
0-02456313,002456313
001TI5.67566,INVALID
0014041.01,INVALID
0038814-29,003881429
008666274,008666274
00-8472395,008472395
0-05981860,005981860
003f-832742,003F832742
0011580-87,001158087
e00-10S334p39,INVALID
008084-076,008084076
0-02785,INVALID
008673667,008673667
0i0331A7.0b97,INVALID
0070268.73,INVALID
004-43-6636,004436636
003563502,003563502
003I3a3507.c5,INVALID
008-99-2443,008992443
0-01nf7D91556,INVALID
004658122,004658122
004-38-8415,004388415
00.8179546,008179546
0034.91973,003491973
0066023.25,INVALID
005058657,005058657
005748895,005748895
0069.04829,006904829
006-65-2659,006652659
00.3599920,INVALID
004066673,004066673
00199.7842,001997842
06-563591,06563591
0657025.5,06570250
002-55-4490,002554490
009.249550,009249550
006406.4,INVALID
00897o6.405,0089706405
0011871-47,001187147
0027-29395,002729395
009090-375,009090375
005-37-2755,005372755
K00M5-999935,INVALID
0073721.34,007372134
009143026,009143026
001808.102,001808102
0064-49155XL,INVALID
006073.547,006073547
005659438,005659438
004525087,004525087
0-07265542,007265542
009-17-2360,009172360
005-88-3037,005883037
009946374,009946374
002-148,INVALID
002-O099H969,0020999969
008-12-4196,008124196
003N434-805,003n434805
001857446,001857446
005-35-1117,005351117
0.54686,INVALID
0G0176317-9,0G0176317
00892L2-794,008922794
0059443-2,00594432
008280519,008280519
004-86-6174,004866174
007343200,007343200
00930439-0,009304390
008676C.L855,INVALID
0M0p-7613110,INVALID
0D0-E87457t68,INVALID
008-89-0472,008890472
0.08103556,INVALID
004779732,004779732
0091255.9,00912559
004314473,004314473
I002n11.2958,INVALID
00351.36M4d1,INVALID
009005916,009005916
0039.34702,INVALID
004-87-7811,004877811
0.07115792,INVALID
03.45570,INVALID
007396511,007396511
0.199157,INVALID
00.487409rS8a,INVALID
001648448,001648448
00705328-0,007053280
008-244083,008244083
001273774,001273774
002453708,002453708
006401104,006401104
003440-704,003440704
002142-191,002142191
00224518.7,002245187
003-84-1196,003841196
009-46-4534,009464534
008778-791,008778791
009B93055.0,INVALID
00704-831,00704831
002-93-3806,002933806
0286-0658,02860658
005-411723,005411723
0065-8478,00658478
0q0329.2852,INVALID
0066588-19,006658819
005048102,005048102
007920849,007920849
007Z5.56034,007z56034
004.512429,004512429
009606931,009606931
009728952,009728952
004927986,004927986
05-0315,INVALID
006.153593,006153593
009-49-3364,009493364
002-782759,002782759
0033320.72,INVALID
005927v0-c1J4,INVALID
004088325,004088325
004747806,004747806
0.01410662,INVALID
002521424,002521424
0V0-i2549009,INVALID
j0075o.2020I9,INVALID
008-18-2947,008182947
006430053,006430053
003479715,003479715
0048778-11,004877811
008-56-8967,008568967
0039629-1,00396291
0029649.35,002964935
002-62-4259,002624259
005883037,005883037
003238238,03238238
y00118481m.4,00118481M
0.06438614,INVALID
000.876,INVALID
00-8112950,008112950
007-93-4332,007934332
017-1288,0171288
004-96-0734,004960734
00364.323,00364323
005-12-6609,005126609
0027-69992,002769992
00286065-8,002860658
004152694,004152694
0036-37170,003637170
0075543.2,INVALID
008-84-9668,008849668
005-860010,005860010
002-63-7309,002637309
006264858,006264858
00-9588595,009588595
003849361,003849361
004-18-2983,004182983
0.01508618,INVALID
008036011,008036011
0025.9549,INVALID
009-6042,0096042
yc0099996-67,INVALID
00407j.9800,004079800
005251-642,005251642
004089662,004089662
00417-98,INVALID
02-8555,INVALID
003040989,003040989
00249-0175,002490175
0081523.2,00815232
00-8981845,008981845
004293.519,004293519
00583I2k88-7,INVALID
0016485.22,INVALID
002357488,002357488
0.0996663,INVALID
0.09643179,INVALID
005-87-4084,005874084
00304-2449,003042449
0011136.22,001113622
0r0-44398d10,INVALID
003-51-9818,003519818
001-60-9279,001609279
004727836,004727836
001119316,001119316
0082627-31,008262731
03896.8,INVALID
006g5f-30849,INVALID
006-69-4647,006694647
006770229,006770229
003131278,003131278
0015-55493,001555493
006773164,006773164
0w071-32T573e,INVALID
0G08770-240,0G08770240
001352943,001352943
N003-3338s78,INVALID
0-06479260,06479260
00-4955834,004955834
007348v0-94,0073480094
008-96-1937,008961937
006587013,006587013
0021-13338,002113338
008213029,008213029
006-00-1430,006001430
i-004308931,004308931
004982-483,004982483
0017.01634,001701634
00699.1532,006991532
0016.5377,INVALID
006678130,006678130
001760227,001760227
008005.06b7,INVALID
002-58-7303,002587303
00-1988,INVALID
0069.0418,00690418
00764o198-9,007641989
00.3244,INVALID
008279741,008279741
0086838.52,INVALID
006238502,006238502
003-11-6655,003116655
00217.5121,002175121
004-194116,004194116
00.8949U891,008949891
001J-7co72163,INVALID
00878914-r3,INVALID
009848029,009848029
005-06-4212,005064212
0026.092,0026092
007575951,007575951
005-65-1476,005651476
001-63-1372,001631372
002498-970,002498970
001-99-2813,001992813
0020819-91,002081991
001-79-6731,001796731
009-98-1914,009981914
0068741.45,INVALID
0049-1314K4,INVALID
00638566.7,006385667
006-216634,006216634
0059-49552,005949552
07.6661,INVALID
00D58D6.1542W,INVALID
00379218-1,003792181
00.F534p1431z,INVALID
003972176,003972176
008742-OM6m60,0087420660
0.T0984B4514,0984B4514
005-58-5478,005585478
002-10-6991,002106991
007316847,007316847
0047-69955,004769955
008559944,008559944
0078621.04,INVALID
003-10-1142,003101142
00518-8554,005188554
001-03-3153,001033153
00-1765475,001765475
0021.88036,002188036
005974398,005974398
00451286.4,004512864
003-69-8223,003698223
0-4297015,04297015
009130-667,009130667
001-99-6934,001996934
003-91-8781,003918781
002721228,002721228
0047-25037,004725037
008829939,008829939
005-49-1508,005491508
h0h09-01968U0,INVALID
002689.949,002689949
002.292944,002292944
008217-061,008217061
008-77-9868,008779868
009228.763,009228763
005-18-8554,005188554
002-01-4847,002014847
007730783,007730783
002-93-4045,002934045
004-29-8889,004298889
004-44-4208,004444208
0447-413,INVALID
0038.87O133,0038870133
001-99-9914,001999914
00207.6491,002076491
005665340,005665340
0-09357401,009357401
0d07825-469,07825469
0093.67799,009367799
005825-9u82,INVALID
0.08823216,INVALID
009-01-6980,009016980
003-45-5551,003455551
003063954,003063954
001445582,001445582
001-292779,001292779
004449919,004449919
0087.g712n31,INVALID
007618717,007618717
889-161,INVALID
0031.439,0031439
008017720,008017720
005927014,005927014
004452928,004452928
09400.6,INVALID
0055115.45,INVALID
0024v-747l67,INVALID
j00537589.5,INVALID
00gNs38.74442,INVALID
U00z7.79874Q4,INVALID
0.04444422,INVALID
0078357.65,007835765
006-62-5159,006625159
008974046,008974046
Y00vh57.68564,INVALID
0029125-15,002912515
003.512831,003512831
001.18W619TC5,INVALID
00355.7171l,INVALID
002-24639,00224639
005-69-7323,005697323
005142745,005142745
003393576,003393576
008503078,008503078
004646053,004646053
0032143.37,003214337
009354502,009354502
009629961,009629961
005.951046,005951046
0.038387,INVALID
00547763-9,005477639
006155.32,00615532
009440223,009440223
002341624,002341624
005-25-1642,005251642
00380675-7,003806757
00-3199768,003199768
006-76-0867,006760867
0.07343200,INVALID
00760.3236,007603236
0061-52,INVALID
003-84-4231,003844231
001900351,001900351
0-01928,INVALID
002-474737,002474737
041274.31,04127431
009364233,009364233
002038934,002038934
009853965,009853965
0389000.0,038900000
00283.00,INVALID
004-51-4063,004514063
006-88-8719,006888719
0045.49668,004549668
j004232jk-662,INVALID
0-05161756,005161756
003725-2,INVALID
003-27-1147,003271147
0J0J52v742-63,INVALID
007-26-6607,007266607
0.05257846,INVALID
00-1205641,001205641
008F229.74z9d,INVALID
X0.0873E9495,INVALID
004-42-0994,004420994
0027-51042,002751042
0.08652393,INVALID
00493-8262,004938262
003793415,003793415
09.3520,INVALID
002-00-7743,002007743
0033799.59,003379959
006-42-5985,006425985
0.062498,INVALID
005219471,005219471
004.728377,004728377
003-23-8238,003238238
007267695,007267695
005-87-1183,005871183
007.33364,00733364
00638-1,INVALID
004980198,004980198
00-880005,00880005
00-7L593251,INVALID
004-46-5115,004465115
008.46E2311,008462311
0-04d396645,040396645
0-855850,INVALID
047-1624,0471624
002627.4,"INVALID: Input is not a valid social security number. The last two digits must be integers, and not decimals or characters."
007275038,007275038
0027316-37,002731637
005.434533,005434533
003786142,003786142
005871411,005871411
008154584,008154584
001155875,001155875
0.092714,INVALID
003030.961,003030961
02.02381,INVALID
d0030a16.214,INVALID
007712570,007712570
006-31-6880,006316880
039721.76,INVALID
001536415,001536415
0039.82346,INVALID
0.44770,INVALID
006-412593,006412593
003640360,003640360
0Ws0535829.6,0W0535829
01643.201,INVALID
007-94-9417,007949417
003-63-0471,003630471
009494.007,009494007
006988.0,INVALID
002416291,002416291
0013619-00,001361900
0.04400726,INVALID
007-80-1784,007801784
002.589979,002589979
007073.006,007073006
00.7550689,007550689
00103-198,00103198
0-167273,0167273
0b065C31-b276,INVALID
004284271,004284271
004664050,004664050
009-56-4776,009564776
00-1392788f,INVALID
00134550j.5,INVALID
005-03763,00503763
0224.516,INVALID
003-982346,003982346
002320-983,002320983
006-47-3827,006473827
0087-29844,008729844
0022.27,INVALID
0T07-6435G01,INVALID
00-3686486,003686486
005802533,005802533
007-43-2421,007432421
04.71399,INVALID
m0059n0-5607,0059N05607
004274548-o,INVALID
007-26-1504,007261504
00254-8031,002548031
007238277,007238277
009591244,009591244
00s949z-6465,INVALID
0074.53380,007453380
005-66542,00566542
006614340,006614340
0-605959,0605959
038.67346,03867346
008005727,008005727
001-97-6547,001976547
008-30-8454,008308454
00.1779856,INVALID
006.895616,006895616
0318.65,INVALID
008488-739,008488739
0081374-2O6,0081374206
009226588,009226588
0013579.26,INVALID
0083-34292,008334292
004796018,004796018
005967757,005967757
009-08-2964,009082964
009-01-3052,009013052
0028-78328,002878328
007944681,007944681
00.44531t11x,INVALID
00M4-50h3383m,INVALID
004-18182,00418182
009157836,009157836
001419-169,001419169
0006.4351,00064351
004-34-7061,004347061
0M0.4205868,INVALID
W001B120880-k,INVALID
0059985.81,INVALID
00d1-348284,001348284
00655.80,INVALID
001423216,001423216
008523267,008523267
001-351100,001351100
008247696,008247696
001w0M47-185,INVALID
00421390-9,004213909
008815162,008815162
004905729,004905729
003-88-0933,003880933
0055870.10,INVALID
00844-1006,008441006
009615031,009615031
00826.1881,008261881
0015O73x7-17Q,INVALID
05104.017,05104017
004827751,004827751
009b4n6922.E2,INVALID
009.121985,009121985
006-48-4308,006484308
006-42-9775,006429775
007-28-2976,007282976
008-67-6855,008676855
007-64-3501,007643501
005701945,005701945
008-47-1487,008471487
008791.506,008791506
00510770-2,005107702
0491.006,INVALID
0-810474,08104744
0-03108339,003108339
008676855,008676855
00380-6757n,INVALID
0074.3270,00743270
001362480,001362480
0072412-11,007241211
00O567-4f315,INVALID
0064153-87,006415387
0076921-45,007692145
0063969b.49i,INVALID
0061.45184,INVALID
0099j-J56262N,INVALID
0058861.39,005886139
009806497,009806497
00.23006P4R7,INVALID
003995524,003995524
00-4273815,004273815
0053-90869,005390869
008-83-0494,008830494
005863164,005863164
007.712570,007712570
0-05427,INVALID
0.01564113,INVALID
00801434-2,008014342
006.341276,006341276
00310.7497,INVALID
0031.7876,00317876
0-08758918I,INVALID
009-53-3959,009533959
009935501,009935501
00282-8425,002828425
001-482721,001482721
0077-69362,007769362
004-79-1188,004791188
00249210.6,INVALID
005-08-4817,005084817
009238709,009238709
07.2168,INVALID
006-10-8487,006108487
005.85939,00585939
0027.iz1k7332,0027711332
0.67216,INVALID
069977.40,06997740
006480.0,INVALID
00m7539.566U,INVALID
0IAu.06153150,06153150
0c0110817-5ll,INVALID
008530937,008530937
002.275227,002275227
001724-242,001724242
0023424.07,002342407
004-77-1430,004771430
006-53-9267,006539267
008-44-1006,008441006
008762307,008762307
001707268,001707268
007-15-9029,007159029
00-9970784,009970784
003550437,003550437
0-47673,INVALID
003200406,003200406
00705.807,00705807
004953396,04953396
0012174-84,001217484
007-19-0843,007190843
009581882,009581882
00-12152,INVALID
00126.2198,001262198
0939.79,INVALID
009-4919,0094919
0078141-72,007814172
005316895,005316895
004-76-9955,004769955
003742239,003742239
004-50-3763,004503763
0045530-28,004553028
005-307769,005307769
003388644,003388644
008733-127,008733127
001594811,001594811
002-87-9068,002879068
0012587.16,INVALID
007549270,007549270
0095497.72,009549772
007201.088,007201088
001435338,001435338
01-05837,0105837
0L07-82021u4,INVALID
003161282,003161282
006267627,006267627
001005756,001005756
0.07055788,INVALID
003806757,003806757
00-692789,00692789
006373391,006373391
003917.6,INVALID
001-570736,001570736
K00819489-6,00819489
001-94-0059,001940059
007203-6,0072036
003-74-9954,003749954
001-191644,001191644
006306432,006306432
0-p021328c5I4,INVALID
005559150,005559150
002019610,002019610
0084-5574,00845574
001437966,001437966
008831096,008831096
0081b550-H97,INVALID
nm00796.e0716,INVALID
0-04586214,004586214
004683-164,004683164
009-09-5450,009095450
0339-542,INVALID
0050481.02,INVALID
003.653736,003653736
004-66-6456,004666456
0.04616S738M,INVALID
0018344.60,INVALID
0-0947210,00947210
007-24-4498,007244498
0.01449436,INVALID
003-53-0011,003530011
004571325,004571325
006090598,006090598
001-36-1474,001361474
007341340,007341340
0-02481695,02481695
009.5160,00951600
003831644,003831644
0046.6656,INVALID
004-44-3876,004443876
002.754299,002754299
00k6755864.X,006755864
004887463,004887463
m0066c3r16-13,INVALID
00930-8339,009308339
006722475,006722475
003060401,003060401
00329285.2,INVALID
002-37-3047,002373047
004-73-8708,004738708
008352948,008352948
007-18-3634,007183634
00.3375808,INVALID
v00v4-1S53916,INVALID
009999Y31Q-4,INVALID
006298597,006298597
0RIJ02-380049,INVALID
00480-3304,004803304
0-06145184,006145184
003786-387,003786387
002692768,002692768
0058483.35,005848335
034-5716,INVALID
00829-10,0082910
0091864.63,009186463
0005160.3,00051603
003477374,003477374
009778667,009778667
0-08617142,08617142
00470.2714,004702714
002759568,002759568
003-85-9996,003859996
0.06108118,INVALID
00779.54,INVALID
0066143.40,INVALID
008-77-5779,008775779
006182257,006182257
00-1660,INVALID
00839291-8,008392918
004.6656,INVALID
E0010-69447,INVALID
007-67-4861,007674861
004951639,004951639
008097376,008097376
002403112,002403112
007-40-5224,007405224
008h78773.9,008787739
007968527,007968527
00.688754,INVALID
00952.2895,009522895
0-01925909,001925909
0074621.3,INVALID
003-388647,003388647
008-08-4076,008084076
00165365.0,INVALID
004-35-2277,004352277
0-0525sG1v581,INVALID
005-01-5894,005015894
0031.50586,003150586
00be6077-216,INVALID
00120.2389,001202389
006-83-8082,006838082
001613735,001613735
005560-146,005560146
004-85-1919,004851919
009p631G6.92,INVALID
00-6688,INVALID
00101.0993,001010993
0-07690666,007690666
001633502,001633502
00-1353730,001353730
00395583.3,INVALID
002-21-7488,002217488
0071Ws61-6j78,INVALID
001063220,001063220
002682787,002682787
007968926,007968926
00174099-1,001740991
007412-197,007412197
00706.7220,007067220
007-88-5230,007885230
0025873-03,002587303
00v6785316v.q,INVALID
N00849q9.263,N008499263
0035-47239,003547239
0-02142191,02142191
004.429999,INVALID
005490783,005490783
00.833001,INVALID
005-16-1756,005161756
0099413.59,009941359
008685608,008685608
0.01565167,INVALID
0057-26242,005726242
0-07137998,007137998
004152651,004152651
02798-350,02798350
005pl-408761,INVALID
00584428.2,005844282
0058w88k70-5k,INVALID
00-1198435,001198435
00-1831733,001831733
00902-30,0090230
0058-34288,005834288
00798yB1V2-34,INVALID
008304-397,008304397
003169177,003169177
05668.3,INVALID
009-49-4007,009494007
002-39-6464,002396464
008-639324,008639324
006.807130,006807130
00.4597212,004597212
V0z0-117838z8,INVALID
007.8U95e561,007829561
004635093,004635093
005821-964,005821964
0068j090-68,INVALID
004-88-6879,004886879
00-390338,00390338
0.07317665,INVALID
002-75-3253,002753253
008530789,008530789
009-07-2570,009072570
008-06-8653,008068653
001-72b5849F,INVALID
f005.8N05600,INVALID
009705642,009705642
003-07551,00307551
003783221,003783221
002-96-0398,002960398
00922.x87w63s,INVALID
0.069139,INVALID
006807130,006807130
009-84-4003,009844003
008830494,008830494
004361640,004361640
009700396,009700396
00-5411723,005411723
00-3972176,003972176
0084-64129,008464129
y0R08-451682,INVALID
00-49s41384,004941384
006-17-0458,006170458
0049.237,0049237
00U531.7648,INVALID
002173-695,002173695
008255449,008255449
00712-3,0071233
0076-61989,007661989
003877318,003877318
004-42-6085,004426085
008363190,008363190
007560588,007560588
0.06828902,INVALID
0.03907785,INVALID
0072.4807,00724807
0063.31064,006331064
00446-1114,004461114
001499063,001499063
00940.3,INVALID
00974-6416,009746416
00-1772163,001772163
004-40-8316,004408316
009499719,009499719
00.4503673,INVALID
005463142,005463142
0047-46019,004746019
004107733,004107733
001683498,001683498
004-12-5753,004125753
004961123,004961123
002-84-7112,002847112
008291289,008291289
002230507,002230507
003-025555,003025555
00953.6120U,INVALID
0u0-46K2q9032,INVALID
006-01-2229,006012229
002-13-5951,002135951
00079.7,INVALID
00-7191U751,INVALID
008-45-5371,008455371
01-6104,INVALID
0015737-17H,INVALID
069647-5,0696475
00245.3332,002453332
009j200-981,INVALID
0-01796925,001796925
0.09366690,09366690
00147.4022,001474022
00.514583,INVALID
006114411,006114411
B00551z77-31,INVALID
007731950,007731950
006850.30,00685030
008-73-8165,008738165
0063312.79,006331279
002-55-1717,002551717
0040-a92057,INVALID
02-885921,02885921
007641.989,007641989
00829650.1,008296501
004388415,004388415
005475048,005475048
0036-66435,003666435
054-357,INVALID
003270.972,003270972
0-0BA1R065977,INVALID
005-01-5428,005015428
002-02-6323,002026323
00.5230053,005230053
0-0612974,00612974
00mOC9365-093,INVALID
0QB0-4025743,0QB04025743
0065132-86,006513286
0094-72761,009472761
0.01308q335,INVALID
00433203.9,004332039
00.3723611,INVALID
002587303,002587303
009227840,009227840
M00P4.033021,INVALID
00.2549,INVALID
001-92-9783,001929783
2194-71,INVALID
002-94-9800,002949800
009-89-4414,009894414
00Q4523.967,00Q4523967
00-6279930,006279930
005-95-6737,005956737
005783-45,00578345
0-02635113,002635113
00-6882,INVALID
001-13-1584,001131584
00.4033021,004033021
002860-568,002860568
v0078.06K132,0078065132
00-I1297404,INVALID
003252620,003252620
002.20069J5,INVALID
007610W4.09,007610409
0043i15-976,0043115976
002-08-1991,002081991
002805-15,00280515
00H534.0583,INVALID
0-0816768T4,INVALID
00-6631613,006631613
005v-48549N3,00548549N3
007-76-9953,007769953
008291273,008291273
006-83-3996,006833996
i008-p457842,INVALID
0o08.962b560,0008962560
0Yk04653-11g9,INVALID
00848071.5,INVALID
00-5214453,005214453
003041-592,003041592
005084817,005084817
001-00-9128,001009128
007-895119,007895119
0020969-26,002096926
004-025649,004025649
008215027,008215027
0060-14572,006014572
004100885,004100885
002152823,002152823
023-2512,02325122
005-77-2676,005772676
007.99A3i2h55,INVALID
0023-5218,00235218
a0F0824033L.3,INVALID
0084-67493,008467493
00-5891364,005891364
001575.354,001575354
008382361,008382361
007261504,007261504
00C3804.991,INVALID
003-044987,003044987
0B0345269-5,INVALID
026.5137,0265137
0072-17159,007217159
001-13-4992,001134992
008-73-8333,008738333
005-314481,005314481
00-4678830,004678830
00U909.O7986,0090907986
0-781457,07814577
0IP01.175782d,INVALID
00-2244r101,INVALID
009-3879e7K9,INVALID
873-092,INVALID
0-086858,0086858
00y886-9813,008869813
0025713.0,00257130
003.770,INVALID
009324501,009324501
006108487,006108487
003-69-2302,003692302
006350648,006350648
006540863,006540863
0-T05665689,05665689
005-02-0917,005020917
008592830,008592830
007-817298,007817298
007-26-5542,007265542
005860010,005860010
003-79-9242,003799242
00g-c9J607370,INVALID
001-15-8833,001158833
0058435-79,005843579
0074-95965,007495965
001618355,001618355
008.232,INVALID
008-25-1742,008251742
0066666-37,006666637
008-89-4816,008894816
0046-838,0046838
009228739,009228739
001.757J892G,001757892G
009003226,009003226
0-07300376,007300376
00.8640,INVALID
00599-2497,005992497
009-95-4720,009954720
003.91043,00391043
0017443.54,INVALID
005-32206,00532206
082-982,INVALID
0046.37,INVALID
002-03-0162,002030162
0c0897113.1,INVALID
004-25-4466,004254466
0075317.97,INVALID
004.262069,INVALID
004-45-6238,004456238
00-5147849,005147849
0.096238,INVALID
007-04-3912,007043912
0055960-05,005596005
00.6070168,006070168
00108870.8,INVALID
007-06-3753,007063753
003-831644,003831644
005675829,005675829
00333723.7,INVALID
002228272,002228272
009-49-7788,009497788
008-155466,008155466
001336632,001336632
06-4520,INVALID
007037.9,INVALID
00.2070,INVALID
00.6298895,006298895
006-60-6287,006606287
0b0-568883z4E,INVALID
008649383,008649383
007-04-2299,007042299
0016-26889,001626889
00780-5446,007805446
004-54-9668,004549668
004751296,004751296
007-30-7628,007307628
00917612-5,009176125
0-06H015j111,INVALID
009587130,009587130
008311595,008311595
00-44826,INVALID
002-24-6302,002246302
009121985,009121985
0010.58992,001058992
00.8234854,008234854
00121628.2,001216282
008376380,008376380
00.7207519,007207519
h0-02626203,002626203
006576664,006576664
006-04-7697,006047697
003855171,003855171
002.107767,002107767
0L0377e89.24C,INVALID
0029263.91,2926391
00498926-2,004989262
0055-938,0055938
002461092,002461092
085446.42,INVALID
001.928,INVALID
00CQz1-834644,INVALID
00562-382,00562382
0.06266672,INVALID
01482-7,INVALID
006240453,006240453
006-49-2725,006492725
05-42193,0542193
p003979902-b,INVALID
001419169,001419169
01357.30,INVALID
005-86-5906,005865906
007-452730,007452730
005778.844,005778844
0033468-6,00334686
0-05046492,005046492
00-9762,INVALID
00838z.98i65,INVALID
009064-068,009064068
008949.891,008949891
00z69-42V0F20,INVALID
0j03I8067.57,INVALID
006266290,006266290
002.3p8A1304,INVALID
008.651331,008651331
a0w0K64845.17,INVALID
M0.06243938,006243938
01739.4,INVALID
001164-988,001164988
003501378,003501378
0640684.2,06406842
00lu733W35-39,INVALID
00.2P84X4799,INVALID
0.06760867,INVALID
0-05241205,005241205
00922-5792,009225792
008-19-4054,008194054
003341953,003341953
0002-80,INVALID
003-96-0568,003960568
0024.72763,002472763
0029392.55,INVALID
005-040672,005040672
00952.8295,009528295
00448-6605,004486605
008-59-6661,008596661
K0n071.44803h,INVALID
0.09476753,INVALID
0057651-70,005765170
0022.81360,002281360
002-98-8460,002988460
005-24-4486,005244486
004-06-3498,004063498
9.10281,INVALID
008882882,008882882
00382-5180,003825180
003-47-0052,003470052
006692-7,0066927
00921.3769,009213769
0189-366,INVALID
0-04753,INVALID
00949.7788,009497788
004-04-7748,004047748
s0090-R21684,INVALID
0093101.76,INVALID
00-574025,00574025
0-0751126,00751126
0-090640j68,INVALID
008-59-8241,008598241
008095.098,008095098
00-4035879,004035879
0077-66876,007766876
006-63-4583,006634583
005-71-1566,005711566
005-23-0053,005230053
00855-396,00855396
002686.384,002686384
002-64-1578,002641578
00.476995sE5,INVALID
00733.72,INVALID
009-251911,009251911
004627107,004627107
0037-22086,003722086
00676086.7,INVALID
002-830637,002830637
006-80963,00680963
002877-4,0028774
00528-7944,005287944
006-20-7256,006207256
0079770.87,007977087
0.012057,INVALID
00121M748.4,INVALID
005828603,005828603
009-32-7619,009327619
0052395-28,005239528
0057685.75,INVALID
002-04-2416,002042416
00273062.3,INVALID
0042.44947,004244947
009M93.55DI01,INVALID
0033615.50,INVALID
0J-0n7R390502,INVALID
00.41199,INVALID
00996.70,INVALID
0053507.76,INVALID
001-81-5741,001815741
004-27-7331,004277331
008592998,008592998
007502392,007502392
0.0543006,INVALID
004419815,004419815
0053046.20,005304620
002-486665,002486665
00226494.0,INVALID
009689719,009689719
V0vt0264469-8,INVALID
00734.3200,007343200
003-62-7927,003627927
007593251,007593251
001-48-2721,001482721
009144.376,009144376
06717-7,INVALID
00270649.4,INVALID
00.8613201,008613201
dO008L535-289,INVALID
004-41-2975,004412975
aX-008796298,INVALID
86.6238,INVALID
009-21-3403,009213403
002413602,002413602
00388886-6,003888866
0-06221188,006221188
FL00283.7828,INVALID
0951674.6,INVALID
0.02747681,INVALID
001-39I0230,001390230
07497.73,INVALID
005913044,005913044
0.13233,INVALID
0075457-74,007545774
00.W622T55R25,INVALID
008334292,008334292
00430O6-622,0043006622
006-43-1479,006431479
007-68-9618,007689618
00695-6900,006956900
00.7661989,007661989
008-869813,008869813
004-76-7603,004767603
006-99-1407,006991407
00777600-0,007776000
0069-71912,006971912
005-84-0683,005840683
004-23-5922,004235922
09-522895,09522895
00-5940768,005940768
008-26-2027,008262027
002609472,002609472
00919239.3,INVALID
007100659,007100659
006-65-7230,006657230
0.05449,INVALID
007535564,007535564
00-7757,INVALID
007-24-5438,007245438
001058992,001058992
009508954,009508954
005621228,005621228
001640.980,001640980
01-4576,INVALID
006-78-2160,006782160
0.01760227,INVALID
007-058654,007058654
001.016983,001016983
006649-920,006649920
0011-07932,001107932
005688328,005688328
0-0915D5269,009155269
00948.81,INVALID
008-52-0058,008520058
007179.562,007179562
00.584516UI2X,INVALID
004853583R.E,INVALID
008-992443,008992443
0-04210252,004210252
004996d1-42,004996142
005-06-4671,005064671
007452730,007452730
0f02.382272,INVALID
008282-039,008282039
0.02641982,INVALID
00589287.4,INVALID
007236121,007236121
004709-536,004709536
096882-3,0968823
g004-6y18473,INVALID
0Y0Nf683.7199,INVALID
008-17-5207,008175207
0.0G9J0293l83,INVALID
005-56-2743,005562743
006P0U-m30818,INVALID
88-6983,INVALID
006-383252,006383252
003527397,003527397
00.2828143,INVALID
002198108,002198108
005750.897,005750897
00660-5279,006605279
00210-858,00210858
0.07277,INVALID
0.01058992,INVALID
003381308,003381308
0074.61696,INVALID
007-714309,007714309
006-05-3879,006053879
001-06-5977,001065977
004-31-8182,004318182
00665825.6,INVALID
001-68-3806,001683806
00761p66.46,007616646
0.04959851,INVALID
0382.86,INVALID
00423678.0,INVALID
006865403,006865403
0089.0Z627c6,INVALID
0H06-652792,0H06652792
00278.0846,002780846
008-68-0815,008680815
01.00816,INVALID
007-72-7823,007727823
003-99-2604,003992604
001893519,001893519
0E0V75K-03363,INVALID
001-26-2198,001262198
0056-88178,005688178
007-67-5466,007675466
00167-82,0016782
0-226323,0226323
A00R33-43334,INVALID
006392.12,INVALID
0700598-4,07005984
00313127.8,INVALID
0098.54734,009854734
00.822785,00822785
005151134,005151134
006445755,006445755
007529.21,00752921
0030.60238,003060238
00.5656752,INVALID
006-9939,0069939
0.047746M80,INVALID
006633978,006633978
0081.5zu7950,INVALID
0L054031U1l-0,INVALID
009928-277,009928277
002-44-1561,002441561
003865988,003865988
0.0587343,INVALID
0-07888720,007888720
002250207,002250207
008080924,008080924
00.3563502,003563502
00-2055591,002055591
006-447530,006447530
E00-494550iJ1,INVALID
00-6354267,006354267
0030838.74,INVALID
00769.0666,007690666
00E4-152s651,INVALID
0110-2994,01102994
003-46-8273,003468273
00.8225696,008225696
00910.7843,009107843
003421964,003421964
004034917,004034917
00.7004132,007004132
0.65286,INVALID
0072182-57,007218257
001120050,001120050
0g-X08906C276,INVALID
003-47-7661,003477661
0.03311717,INVALID
0.07244613,INVALID
001-30-1184,001301184
0-09491923,09491923
008733364,008733364
0057.97612,INVALID
0-0791163,00791163
00815044-6,008150446
HT001w2.56806,INVALID
005619648,005619648
003-52-3797,003523797
00-4960107,004960107
00-5316859,005316859
001277799,001277799
0.0438966F2,INVALID
008-51-6644,008516644
009508-954,009508954
002813038,002813038
0018.803,INVALID
0035.01,INVALID
00382997.4,INVALID
00.598145,INVALID
005470.242,005470242
002-67-1582,002671582
00852-8086,008528086
007-69-2145,007692145
00-7633350,007633350
0-0321159,00321159
042.0634,0420634
00224.4255,INVALID
00602x0.660,INVALID
005-64-3636,005643636
00339773-2,003397732
005664897,005664897
007-46-1711,007461711
0037-95965,003795965
008.190959,008190959
005230053,005230053
00648.9324,006489324
003-14-8146,003148146
009-03-4649,009034649
00-2829743,002829743
004847097,004847097
001385685,001385685
00592.01,INVALID
00.75V620N61q,INVALID
001-36-2480,001362480
00213-5418,002135418
005-30-0832,005300832
0.5647776,INVALID
0071.03479,007103479
00.599935,00599935
00-4486,INVALID
0090-90375,009090375
004-82-3580,004823580
008-63-8391,008638391
00.4343061,004343061
00-7088925,007088925
0067-78,INVALID
00177094-9,001770949
006e26-4802,INVALID
0167.126,INVALID
0-05161844,005161844
R003686.486,003686486
006-336579,006336579
0096.85354,009685354
008175593,008175593
00243337-2,002433372
0M03937-685,0M03937685
007-77-4213,007774213
0-09935714,009935714
007150707,007150707
009935-501,009935501
0059584.43,005958443
00m.9392270Z,INVALID
007950048,007950048
004491067,004491067
0.0H789N3530,INVALID
0-09969138,09969138
00-85810l17,0085810117
0045.708,INVALID
00-1975078,001975078
0.079316,INVALID
003-93-4159,003934159
00606.420,00606420
00m542u285-0,INVALID
005-47-0242,005470242
00519-4676,005194676
0034-179,0034179
005-13-7419,005137419
031126.4,INVALID
004-48-2368,004482368
001407685,001407685
005.579609,005579609
00720987.1,INVALID
002-57-5311,002575311
00741-4924,007414924
005-58-2070,005582070
0030.38141,003038141
007-38-1670,007381670
00-1286931,001286931
0.026N27Cn070,INVALID
005.936180,005936180
00-5662,INVALID
003-838793,003838793
003-38-7259,003387259
0035.172,INVALID
q005c-735A622,INVALID
006536032,006536032
004-21-0252,004210252
005-23-1365,005231365
0054887-00,005488700
002-65-1071,002651071
005823367,005823367
008-55-5722,008555722
00.55L10163No,INVALID
001.192096,001192096
004-20-3161,004203161
004042-32,00404232
0016-933,0016933
o.00l786W9068,INVALID
003-29-2852,003292852
00.9315490,009315490
005407434,005407434
005251642,005251642
X00805hZ.8069,INVALID
009-07-3128,009073128
007-66-4915,007664915
085-49144,08549144
004-80-1307,004801307
00w1548-3J61,INVALID
c0-04480H294f,INVALID
004-528225,004528225
0942.04,INVALID
00-2192670,002192670
003-862119,003862119
03-11384,INVALID
007916163,007916163
0.07965536,INVALID
0.08849668,INVALID
00515.9K459M,INVALID
004-37-7633,004377633
00262-9932,002629932
03732-7,03732327
006-11-8230,006118230
0043181-82,004318182
00.193310,00193310
009-12-1985,009121985
93107.6,INVALID
0.006597,INVALID
0-07338794,07338794
006813716,006813716
009707.774,009707774
w0.09442314,INVALID
007-24-1211,007241211
003351550,003351550
00612.52,INVALID
00688.3707,006883707
00133-906,00133906
008312-574,008312574
004080433,004080433
00.Y9Z557940X,INVALID
00179.88,INVALID
0-05715,INVALID
0074.67718,007467718
K0PK.01487614,01487614
0032448-15,003244815
Y004249.008,INVALID
0050.7460,00507460
003-21-9120,003219120
009-76-4557,009764557
005-24-0132,005240132
009577729,009577729
00676.3900,006763900
009-45-6687,009456687
006.43062L3,006430623
00289.6,INVALID
0-08603121,008603121
009921520,009921520
005961934,005961934
00513563.8,INVALID
006833515,006833515
00161-3735,001613735
008-36-3450,008363450
005-422850,005422850
007595918,007595918
0-0658253,00658253
00726-554Q2,INVALID
001-40-4484,001404484
004.993322,004993322
00829.64,INVALID
001818239,001818239
009-51-2534,009512534
002.37U4074,002374074
0065-15880,006515880
007930-00,00793000
0076-41989,007641989
005854482,005854482
0.01648,INVALID
058673-59,05867359
0097o649.83,INVALID
007529626,007529626
004-40-9709,004409709
007796486,007796486
004588351,004588351
003-06-1064,003061064
007-27-2301,007272301
00.2599140,002599140
007-04-3113,007043113
003-97-8249,003978249
007028-106,007028106
006063290,006063290
005-86-9516,005869516
001892-347Pc,INVALID
0085.81017,008581017
00.7100869,007100869
003797482,003797482
005-95-6047,005956047
0835-083,INVALID
001740991,001740991
008-45-8399,008458399
0-046974,0046974
004-18-2136,004182136
004-769595,004769595
006016499,006016499
i0033.0515C6,INVALID
002-02-9030,002029030
007374435,007374435
0052457.42,005245742
005622962,005622962
0.073116,INVALID
0091143.64,INVALID
005.4452,INVALID
00777.8628,007778628
0016533-83,001653383
002-19-2624,002192624
001-74-8975,001748975
0.01814299,INVALID
003-29-7280,003297280
0x-066q25z428,INVALID
0.04453111,INVALID
004391.640,004391640
004-38-3990,004383990
009-29-5091,009295091
006336579,006336579
003686486,003686486
07288.9,INVALID
00192907S-2,INVALID
008662736,008662736
004-906254,004906254
0025-38C768,INVALID
00-4741347,004741347
00-719586,00719586
008-40-3630,008403630
Ua00U10829-45,INVALID
0-09902615,009902615
009043.499s,INVALID
002-51-6271,002516271
003971-954,003971954
0029222-53,002922253
001163-19,00116319
001275991,001275991
00-5877257,005877257
009257-736,009257736
004-81-6091,004816091
00662-950,00662950
005-83-0610,005830610
00824246.7,INVALID
005-42-2850,005422850
0024232-88,002423288
007-86-7478,007867478
0051-0414,00510414
003118-939,003118939
0.01135598,INVALID
00.7835914,007835914
004571-833,004571833
000.9708,INVALID
L0c037-192h20,INVALID
006172652,006172652
003-669792,003669792
00d90q06-B933,INVALID
00.3781C457,003781457
0071840-74,007184074
0065-45434,006545434
002588455,002588455
006231503,006231503
00.98973k42v,INVALID
00927-01,INVALID
005009859,005009859
006-81-4956,006814956
004233244,004233244
0075-83,INVALID
00983.42,INVALID
005279472,005279472
005274263,005274263
54.8027,INVALID
007760861,007760861
M008.69b7X332,INVALID
Qe-0064310L19,INVALID
004155481,004155481
0029-19332,002919332
08-9767,INVALID
0047409-8,00474098
005115726,005115726
00915.81,INVALID
008-47-2395,008472395
007-32-2729,007322729
0021547.3,INVALID
0.03742327,INVALID
0.08598579,INVALID
007432985,007432985
0.216145,INVALID
005813812,005813812
002-94-6018,002946018
003521904,003521904
006986890,006986890
0.6678130,INVALID
002252.386u,INVALID
007365425,007365425
0-087543U53,INVALID
00381-7,INVALID
002.865913,002865913
005-37-9013,005379013
00788-p0484U,INVALID
001-16-6194,001166194
02.0364,INVALID
007825882,007825882
0-03485012,003485012
008-55931,00855931
004818182,004818182
p0-0q519h6452,INVALID
007140705,007140705
00672717-4,006727174
Q007387.645,INVALID
003204.647,003204647
004-08-8713,004088713
007241211,007241211
007166564,007166564
006.94357,00694357
00616.3041,006163041
0081-77071,008177071
00v6I983058-O,INVALID
0-02013176,02013176
006441615,006441615
0092902-27,009290227
0063-06432,006306432
00ad942405-1,INVALID
009105096,009105096
0-D017Y60227,INVALID
001.229,INVALID
0-7418570,07418570
006-41-1490,006411490
0050.70384,005070384
005-62-9382,005629382
0071-03479,007103479
005033370,005033370
024.232,INVALID
006-63-4317,006634317
003p79.0074,003790074
00208351.3,002083513
005004037,005004037
006-62-3196,006623196
00983197-1,009831971
005.92HI8996,005928996
00M.L8383B696,INVALID
00284.6313,002846313
009-63-5744,009635744
Z00I129750-m9,INVALID
0g0263.51j39,0263511539
006122234,006122234
004851-740,004851740
00172-2934,001722934
0.09010727,INVALID
006-58-7334,006587334
007999454,007999454
007-65-9040,007659040
0.036516,INVALID
001374722,001374722
007257382,007257382
009940155,009940155
0.0NU4965404Q,INVALID
00215-4434,002154434
007-80332,00780332
00-6793368,006793368
00-2661146,002661146
003-63-3596,003633596
0-09448376,009448376
0-04728256,004728256
001-50-6420,001506420
00172-7267,001727267
0025.09821,002509821
0095-05709,009505709
0051.26686,005126686
00-5115494,005115494
00161-3,INVALID
003-86-9579,003869579
0.08258003,INVALID
D0.0246v3150,INVALID
0-018262,0018262
001-38-2074,001382074
0o0584484-8,INVALID
002007743,002007743
009032625,009032625
001-80-6285,001806285
0091.00309,009100309
009310176,009310176
0.05188554,INVALID
001401782,001401782
1728.19,INVALID
0.08006208,INVALID
003483298,003483298
00536923-8,005369238
00455420-4,004554204
001507919,001507919
081-114,INVALID
007314941,007314941
0057-50737,005750737
0.0m7779177,7779177
002246239,002246239
